,Label,Url,url_delimiter_count,url_digit_count,url_letter_count,url_symbol_count,url_digit_to_letter_ratio,url_encodes_characters,url_uses_https,url_get_port,url_uses_default_port_number,domain,domain_delimiter_count,domain_digit_count,domain_letter_count,domain_symbol_count,domain_digit_to_letter_ratio,path,path_delimiter_count,path_digit_count,path_letter_count,path_symbol_count,path_digit_to_letter_ratio,query,query_delimiter_count,query_digit_count,query_letter_count,query_symbol_count,query_digit_to_letter_ratio,total_query_variable_length,avg_query_variable_length,max_query_variable_length,total_query_variable_digit_count,avg_query_variable_digit_count,avg_query_variable_letter_count,total_query_variable_symbol_count,avg_query_variable_symbol_count,total_query_value_length,avg_query_value_length,max_query_value_length,total_query_value_digit_count,avg_query_value_digit_count,avg_query_value_letter_count,total_query_value_symbol_count,avg_query_value_symbol_count,fragment,fragment_delimiter_count,fragment_digit_count,fragment_letter_count,fragment_symbol_count,fragment_digit_to_letter_ratio,file_ext,file_ext_delimiter_count,file_ext_digit_count,file_ext_letter_count,file_ext_symbol_count,file_ext_digit_to_letter_ratio,file_ext_is_executable
0,0.0,http://u588262zce.ha003.t.justns.ru/voscomptesenligne.labanquepostale.fr/mescomptes-enligne-labanquepostale.fr-ID2938942042300/po/login.php,18,22,99,0,0.2222222222222222,0,0,-1,0,u588262zce.ha003.t.justns.ru,4,9,15,0,0.6,/voscomptesenligne.labanquepostale.fr/mescomptes-enligne-labanquepostale.fr-ID2938942042300/po/login.php,11,13,80,0,0.1625,,11,13,80,0,0.1625,0,0.0,0,0,0.0,0.0,0,0.0,0,0.0,0,0,0.0,0.0,0,0.0,,0,0,0,0,0.0,php,0,0,3,0,0.0,0.0
1,0.0,http://myarea-autoscout24.de/login,6,2,26,0,0.07692307692307693,0,0,-1,0,myarea-autoscout24.de,2,2,17,0,0.11764705882352941,/login,1,0,5,0,0.0,,1,0,5,0,0.0,0,0.0,0,0,0.0,0.0,0,0.0,0,0.0,0,0,0.0,0.0,0,0.0,,0,0,0,0,0.0,,0,0,0,0,0.0,0.0
2,0.0,https://unviewed-correlatio.000webhostapp.com/bm/time%20update/crypt/index.html,11,5,62,0,0.08064516129032258,1,1,-1,0,unviewed-correlatio.000webhostapp.com,3,3,31,0,0.0967741935483871,/bm/time%20update/crypt/index.html,5,2,26,0,0.07692307692307693,,5,2,26,0,0.07692307692307693,0,0.0,0,0,0.0,0.0,0,0.0,0,0.0,0,0,0.0,0.0,0,0.0,,0,0,0,0,0.0,html,0,0,4,0,0.0,0.0
3,0.0,http://barcolena.cf/AA/ourtime/,7,0,24,0,0.0,0,0,-1,0,barcolena.cf,1,0,11,0,0.0,/AA/ourtime/,3,0,9,0,0.0,,3,0,9,0,0.0,0,0.0,0,0,0.0,0.0,0,0.0,0,0.0,0,0,0.0,0.0,0,0.0,,0,0,0,0,0.0,,0,0,0,0,0.0,0.0
4,0.0,http://barcolena.cf/ourtime/ourtimepage/,7,0,33,0,0.0,0,0,-1,0,barcolena.cf,1,0,11,0,0.0,/ourtime/ourtimepage/,3,0,18,0,0.0,,3,0,18,0,0.0,0,0.0,0,0,0.0,0.0,0,0.0,0,0.0,0,0,0.0,0.0,0,0.0,,0,0,0,0,0.0,,0,0,0,0,0.0,0.0
5,0.0,http://gundu.ml/mosxs/updated_drive_shared_securely_online%20-%20Copy/,12,4,52,0,0.07692307692307693,1,0,-1,0,gundu.ml,1,0,7,0,0.0,/mosxs/updated_drive_shared_securely_online%20-%20Copy/,8,4,41,0,0.0975609756097561,,8,4,41,0,0.0975609756097561,0,0.0,0,0,0.0,0.0,0,0.0,0,0.0,0,0,0.0,0.0,0,0.0,,0,0,0,0,0.0,,0,0,0,0,0.0,0.0
6,0.0,http://emirateslive.ml/v3/ourtime2020/,7,5,26,0,0.19230769230769232,0,0,-1,0,emirateslive.ml,1,0,14,0,0.0,/v3/ourtime2020/,3,5,8,0,0.625,,3,5,8,0,0.625,0,0.0,0,0,0.0,0.0,0,0.0,0,0.0,0,0,0.0,0.0,0,0.0,,0,0,0,0,0.0,,0,0,0,0,0.0,0.0
7,0.0,http://barcolena.ml/Viewme/ourtime.com/login.php,9,0,39,0,0.0,0,0,-1,0,barcolena.ml,1,0,11,0,0.0,/Viewme/ourtime.com/login.php,5,0,24,0,0.0,,5,0,24,0,0.0,0,0.0,0,0,0.0,0.0,0,0.0,0,0.0,0,0,0.0,0.0,0,0.0,,0,0,0,0,0.0,php,0,0,3,0,0.0,0.0
8,0.0,http://emirateslive.gq/docs/toda/,7,0,26,0,0.0,0,0,-1,0,emirateslive.gq,1,0,14,0,0.0,/docs/toda/,3,0,8,0,0.0,,3,0,8,0,0.0,0,0.0,0,0,0.0,0.0,0,0.0,0,0.0,0,0,0.0,0.0,0,0.0,,0,0,0,0,0.0,,0,0,0,0,0.0,0.0
9,0.0,http://barcolena.tk/mike/Ourtime/,7,0,26,0,0.0,0,0,-1,0,barcolena.tk,1,0,11,0,0.0,/mike/Ourtime/,3,0,11,0,0.0,,3,0,11,0,0.0,0,0.0,0,0,0.0,0.0,0,0.0,0,0.0,0,0,0.0,0.0,0,0.0,,0,0,0,0,0.0,,0,0,0,0,0.0,0.0
10,0.0,http://emirateslive.cf/sharepoint2/sharepoint2/sharepoint/sharepoint/management/,10,2,68,0,0.029411764705882353,0,0,-1,0,emirateslive.cf,1,0,14,0,0.0,/sharepoint2/sharepoint2/sharepoint/sharepoint/management/,6,2,50,0,0.04,,6,2,50,0,0.04,0,0.0,0,0,0.0,0.0,0,0.0,0,0.0,0,0,0.0,0.0,0,0.0,,0,0,0,0,0.0,,0,0,0,0,0.0,0.0
11,0.0,http://barcolena.tk/Hope%20/Ourtime/,7,2,26,0,0.07692307692307693,1,0,-1,0,barcolena.tk,1,0,11,0,0.0,/Hope%20/Ourtime/,3,2,11,0,0.18181818181818182,,3,2,11,0,0.18181818181818182,0,0.0,0,0,0.0,0.0,0,0.0,0,0.0,0,0,0.0,0.0,0,0.0,,0,0,0,0,0.0,,0,0,0,0,0.0,0.0
12,0.0,http://barcolena.tk/Ourtime/Ourtime/,7,0,29,0,0.0,0,0,-1,0,barcolena.tk,1,0,11,0,0.0,/Ourtime/Ourtime/,3,0,14,0,0.0,,3,0,14,0,0.0,0,0.0,0,0,0.0,0.0,0,0.0,0,0.0,0,0,0.0,0.0,0,0.0,,0,0,0,0,0.0,,0,0,0,0,0.0,0.0
13,0.0,http://barcolena.cf/viz/v4/,7,1,19,0,0.05263157894736842,0,0,-1,0,barcolena.cf,1,0,11,0,0.0,/viz/v4/,3,1,4,0,0.25,,3,1,4,0,0.25,0,0.0,0,0,0.0,0.0,0,0.0,0,0.0,0,0,0.0,0.0,0,0.0,,0,0,0,0,0.0,,0,0,0,0,0.0,0.0
14,0.0,http://barcolena.tk/newcrl/OurTime%202019/,7,6,28,0,0.21428571428571427,1,0,-1,0,barcolena.tk,1,0,11,0,0.0,/newcrl/OurTime%202019/,3,6,13,0,0.46153846153846156,,3,6,13,0,0.46153846153846156,0,0.0,0,0,0.0,0.0,0,0.0,0,0.0,0,0,0.0,0.0,0,0.0,,0,0,0,0,0.0,,0,0,0,0,0.0,0.0
15,0.0,https://paypai-user-security-ref018.com/,8,3,29,0,0.10344827586206896,0,1,-1,0,paypai-user-security-ref018.com,4,3,24,0,0.125,/,1,0,0,0,0.0,,1,0,0,0,0.0,0,0.0,0,0,0.0,0.0,0,0.0,0,0.0,0,0,0.0,0.0,0,0.0,,0,0,0,0,0.0,,0,0,0,0,0.0,0.0
16,0.0,http://wcssolutionis.com/Onedrive1/,6,1,28,0,0.03571428571428571,0,0,-1,0,wcssolutionis.com,1,0,16,0,0.0,/Onedrive1/,2,1,8,0,0.125,,2,1,8,0,0.125,0,0.0,0,0,0.0,0.0,0,0.0,0,0.0,0,0,0.0,0.0,0,0.0,,0,0,0,0,0.0,,0,0,0,0,0.0,0.0
17,0.0,http://apnamazahai1.com/Zyzyz/Chase/,7,1,28,0,0.03571428571428571,0,0,-1,0,apnamazahai1.com,1,1,14,0,0.07142857142857142,/Zyzyz/Chase/,3,0,10,0,0.0,,3,0,10,0,0.0,0,0.0,0,0,0.0,0.0,0,0.0,0,0.0,0,0,0.0,0.0,0,0.0,,0,0,0,0,0.0,,0,0,0,0,0.0,0.0
18,0.0,http://apnamazahai1.com/Blso/Chase/,7,1,27,0,0.037037037037037035,0,0,-1,0,apnamazahai1.com,1,1,14,0,0.07142857142857142,/Blso/Chase/,3,0,9,0,0.0,,3,0,9,0,0.0,0,0.0,0,0,0.0,0.0,0,0.0,0,0.0,0,0,0.0,0.0,0,0.0,,0,0,0,0,0.0,,0,0,0,0,0.0,0.0
19,0.0,http://rpbuon.com/blockchain/bch/,7,0,26,0,0.0,0,0,-1,0,rpbuon.com,1,0,9,0,0.0,/blockchain/bch/,3,0,13,0,0.0,,3,0,13,0,0.0,0,0.0,0,0,0.0,0.0,0,0.0,0,0.0,0,0,0.0,0.0,0,0.0,,0,0,0,0,0.0,,0,0,0,0,0.0,0.0
20,0.0,http://nxtlvl-gaming.com/HUD/off-vl/,9,0,27,0,0.0,0,0,-1,0,nxtlvl-gaming.com,2,0,15,0,0.0,/HUD/off-vl/,4,0,8,0,0.0,,4,0,8,0,0.0,0,0.0,0,0,0.0,0.0,0,0.0,0,0.0,0,0,0.0,0.0,0,0.0,,0,0,0,0,0.0,,0,0,0,0,0.0,0.0
21,0.0,http://nxtlvl-gaming.com/HUD1/off-vl/,9,1,27,0,0.037037037037037035,0,0,-1,0,nxtlvl-gaming.com,2,0,15,0,0.0,/HUD1/off-vl/,4,1,8,0,0.125,,4,1,8,0,0.125,0,0.0,0,0,0.0,0.0,0,0.0,0,0.0,0,0,0.0,0.0,0,0.0,,0,0,0,0,0.0,,0,0,0,0,0.0,0.0
22,0.0,http://reflectivetherapy.co.uk/0000/,7,4,25,0,0.16,0,0,-1,0,reflectivetherapy.co.uk,2,0,21,0,0.0,/0000/,2,4,0,0,0.0,,2,4,0,0,0.0,0,0.0,0,0,0.0,0.0,0,0.0,0,0.0,0,0,0.0,0.0,0,0.0,,0,0,0,0,0.0,,0,0,0,0,0.0,0.0
23,0.0,http://reflectivetherapy.co.uk/0000/login.php?cmd=login_submit&id=1ba960639a01c4cd376c27019b9e19831ba960639a01c4cd376c27019b9e1983&session=1ba960639a01c4cd376c27019b9e19831ba960639a01c4cd376c27019b9e1983,13,96,92,0,1.0434782608695652,0,0,-1,0,reflectivetherapy.co.uk,2,0,21,0,0.0,/0000/login.php,3,4,8,0,0.5,cmd=login_submit&id=1ba960639a01c4cd376c27019b9e19831ba960639a01c4cd376c27019b9e1983&session=1ba960639a01c4cd376c27019b9e19831ba960639a01c4cd376c27019b9e1983,3,4,8,0,0.5,12,4.0,7,12,0.0,4.0,0,0.0,140,46.666666666666664,64,47,30.666666666666668,15.666666666666666,0,0.0,,0,0,0,0,0.0,php,0,0,3,0,0.0,0.0
24,0.0,https://dnabanglamark.com/Excel01_Spreadsheet02/Xls_Sheet/Sheet0,9,5,50,0,0.1,0,1,-1,0,dnabanglamark.com,1,0,16,0,0.0,/Excel01_Spreadsheet02/Xls_Sheet/Sheet0,5,5,29,0,0.1724137931034483,,5,5,29,0,0.1724137931034483,0,0.0,0,0,0.0,0.0,0,0.0,0,0.0,0,0,0.0,0.0,0,0.0,,0,0,0,0,0.0,,0,0,0,0,0.0,0.0
25,0.0,http://netzero.consulting/5/onedrive/,7,1,29,0,0.034482758620689655,0,0,-1,0,netzero.consulting,1,0,17,0,0.0,/5/onedrive/,3,1,8,0,0.125,,3,1,8,0,0.125,0,0.0,0,0,0.0,0.0,0,0.0,0,0.0,0,0,0.0,0.0,0,0.0,,0,0,0,0,0.0,,0,0,0,0,0.0,0.0
26,0.0,http://netzero.consulting/4/off-vl/,8,1,26,0,0.038461538461538464,0,0,-1,0,netzero.consulting,1,0,17,0,0.0,/4/off-vl/,4,1,5,0,0.2,,4,1,5,0,0.2,0,0.0,0,0,0.0,0.0,0,0.0,0,0.0,0,0,0.0,0.0,0,0.0,,0,0,0,0,0.0,,0,0,0,0,0.0,0.0
27,0.0,http://jrshowpro.com/Updateaccount/LUNO%20NEW/,7,2,36,0,0.05555555555555555,1,0,-1,0,jrshowpro.com,1,0,12,0,0.0,/Updateaccount/LUNO%20NEW/,3,2,20,0,0.1,,3,2,20,0,0.1,0,0.0,0,0,0.0,0.0,0,0.0,0,0.0,0,0,0.0,0.0,0,0.0,,0,0,0,0,0.0,,0,0,0,0,0.0,0.0
28,0.0,http://icruisetrip.com/wells/login.php,7,0,31,0,0.0,0,0,-1,0,icruisetrip.com,1,0,14,0,0.0,/wells/login.php,3,0,13,0,0.0,,3,0,13,0,0.0,0,0.0,0,0,0.0,0.0,0,0.0,0,0.0,0,0,0.0,0.0,0,0.0,,0,0,0,0,0.0,php,0,0,3,0,0.0,0.0
29,0.0,http://heartoftexashoops.com/00z/login.php,7,2,33,0,0.06060606060606061,0,0,-1,0,heartoftexashoops.com,1,0,20,0,0.0,/00z/login.php,3,2,9,0,0.2222222222222222,,3,2,9,0,0.2222222222222222,0,0.0,0,0,0.0,0.0,0,0.0,0,0.0,0,0,0.0,0.0,0,0.0,,0,0,0,0,0.0,php,0,0,3,0,0.0,0.0
30,0.0,http://heartoftexashoops.com/PENT/login.php,7,0,36,0,0.0,0,0,-1,0,heartoftexashoops.com,1,0,20,0,0.0,/PENT/login.php,3,0,12,0,0.0,,3,0,12,0,0.0,0,0.0,0,0,0.0,0.0,0,0.0,0,0.0,0,0,0.0,0.0,0,0.0,,0,0,0,0,0.0,php,0,0,3,0,0.0,0.0
31,0.0,http://bluemangoinc.com/outlook5/login.php,7,1,34,0,0.029411764705882353,0,0,-1,0,bluemangoinc.com,1,0,15,0,0.0,/outlook5/login.php,3,1,15,0,0.06666666666666667,,3,1,15,0,0.06666666666666667,0,0.0,0,0,0.0,0.0,0,0.0,0,0.0,0,0,0.0,0.0,0,0.0,,0,0,0,0,0.0,php,0,0,3,0,0.0,0.0
32,0.0,http://amandanucklesphotography.com/oned/onedrive/,7,0,43,0,0.0,0,0,-1,0,amandanucklesphotography.com,1,0,27,0,0.0,/oned/onedrive/,3,0,12,0,0.0,,3,0,12,0,0.0,0,0.0,0,0,0.0,0.0,0,0.0,0,0.0,0,0,0.0,0.0,0,0.0,,0,0,0,0,0.0,,0,0,0,0,0.0,0.0
33,0.0,http://amandanuckles.com/00xx/login.php,7,2,30,0,0.06666666666666667,0,0,-1,0,amandanuckles.com,1,0,16,0,0.0,/00xx/login.php,3,2,10,0,0.2,,3,2,10,0,0.2,0,0.0,0,0,0.0,0.0,0,0.0,0,0.0,0,0,0.0,0.0,0,0.0,,0,0,0,0,0.0,php,0,0,3,0,0.0,0.0
34,0.0,http://amybeachyrealtor.com/oned/drive/,7,0,32,0,0.0,0,0,-1,0,amybeachyrealtor.com,1,0,19,0,0.0,/oned/drive/,3,0,9,0,0.0,,3,0,9,0,0.0,0,0.0,0,0,0.0,0.0,0,0.0,0,0.0,0,0,0.0,0.0,0,0.0,,0,0,0,0,0.0,,0,0,0,0,0.0,0.0
35,0.0,http://adult-sights.com/outlook1/56yu7/login.php,9,4,35,0,0.11428571428571428,0,0,-1,0,adult-sights.com,2,0,14,0,0.0,/outlook1/56yu7/login.php,4,4,17,0,0.23529411764705882,,4,4,17,0,0.23529411764705882,0,0.0,0,0,0.0,0.0,0,0.0,0,0.0,0,0,0.0,0.0,0,0.0,,0,0,0,0,0.0,php,0,0,3,0,0.0,0.0
36,0.0,http://alexandriafinch.com/securecourtorder/,6,0,38,0,0.0,0,0,-1,0,alexandriafinch.com,1,0,18,0,0.0,/securecourtorder/,2,0,16,0,0.0,,2,0,16,0,0.0,0,0.0,0,0,0.0,0.0,0,0.0,0,0.0,0,0,0.0,0.0,0,0.0,,0,0,0,0,0.0,,0,0,0,0,0.0,0.0
37,0.0,http://alexandriafinch.com/securecourtorder/login.php?l=_JeHFUq_VJOXK0QWHtoGYDw1774256418&fid.13InboxLight.aspxn.1774256418&fid.125289964252813InboxLight99642_Product-email&email=,18,43,115,0,0.3739130434782609,0,0,-1,0,alexandriafinch.com,1,0,18,0,0.0,/securecourtorder/login.php,3,0,24,0,0.0,l=_JeHFUq_VJOXK0QWHtoGYDw1774256418&fid.13InboxLight.aspxn.1774256418&fid.125289964252813InboxLight99642_Product-email&email=,3,0,24,0,0.0,1,1.0,1,1,0.0,1.0,0,0.0,33,33.0,33,20,11.0,20.0,0,0.0,,0,0,0,0,0.0,php,0,0,3,0,0.0,0.0
38,0.0,http://alexandriafinch.com/mbdattorneys-courtorder/,7,0,44,0,0.0,0,0,-1,0,alexandriafinch.com,1,0,18,0,0.0,/mbdattorneys-courtorder/,3,0,22,0,0.0,,3,0,22,0,0.0,0,0.0,0,0,0.0,0.0,0,0.0,0,0.0,0,0,0.0,0.0,0,0.0,,0,0,0,0,0.0,,0,0,0,0,0.0,0.0
39,0.0,http://alexandriafinch.com/mbdattorneys-courtorder/login.php?l=_JeHFUq_VJOXK0QWHtoGYDw1774256418&fid.13InboxLight.aspxn.1774256418&fid.125289964252813InboxLight99642_Product-email&email=,19,43,121,0,0.35537190082644626,0,0,-1,0,alexandriafinch.com,1,0,18,0,0.0,/mbdattorneys-courtorder/login.php,4,0,30,0,0.0,l=_JeHFUq_VJOXK0QWHtoGYDw1774256418&fid.13InboxLight.aspxn.1774256418&fid.125289964252813InboxLight99642_Product-email&email=,4,0,30,0,0.0,1,1.0,1,1,0.0,1.0,0,0.0,33,33.0,33,20,11.0,20.0,0,0.0,,0,0,0,0,0.0,php,0,0,3,0,0.0,0.0
40,0.0,http://stormquotation.co.kr/securelogin/wpsec/confidential/,9,0,50,0,0.0,0,0,-1,0,stormquotation.co.kr,2,0,18,0,0.0,/securelogin/wpsec/confidential/,4,0,28,0,0.0,,4,0,28,0,0.0,0,0.0,0,0,0.0,0.0,0,0.0,0,0.0,0,0,0.0,0.0,0,0.0,,0,0,0,0,0.0,,0,0,0,0,0.0,0.0
41,0.0,http://squeezetravel.co/Important/login.php,7,0,36,0,0.0,0,0,-1,0,squeezetravel.co,1,0,15,0,0.0,/Important/login.php,3,0,17,0,0.0,,3,0,17,0,0.0,0,0.0,0,0,0.0,0.0,0,0.0,0,0.0,0,0,0.0,0.0,0,0.0,,0,0,0,0,0.0,php,0,0,3,0,0.0,0.0
42,0.0,http://stormcollie.co.kr/charterintery020202/ZOE-ADOBE/,9,6,40,0,0.15,0,0,-1,0,stormcollie.co.kr,2,0,15,0,0.0,/charterintery020202/ZOE-ADOBE/,4,6,21,0,0.2857142857142857,,4,6,21,0,0.2857142857142857,0,0.0,0,0,0.0,0.0,0,0.0,0,0.0,0,0,0.0,0.0,0,0.0,,0,0,0,0,0.0,,0,0,0,0,0.0,0.0
43,0.0,http://stormcollie.co.kr/charterfolder032/ZOE-ADOBE/,9,3,40,0,0.075,0,0,-1,0,stormcollie.co.kr,2,0,15,0,0.0,/charterfolder032/ZOE-ADOBE/,4,3,21,0,0.14285714285714285,,4,3,21,0,0.14285714285714285,0,0.0,0,0,0.0,0.0,0,0.0,0,0.0,0,0,0.0,0.0,0,0.0,,0,0,0,0,0.0,,0,0,0,0,0.0,0.0
44,0.0,http://stormfrosting.co.kr/Dropbox/tech/,8,0,32,0,0.0,0,0,-1,0,stormfrosting.co.kr,2,0,17,0,0.0,/Dropbox/tech/,3,0,11,0,0.0,,3,0,11,0,0.0,0,0.0,0,0,0.0,0.0,0,0.0,0,0.0,0,0,0.0,0.0,0,0.0,,0,0,0,0,0.0,,0,0,0,0,0.0,0.0
45,0.0,http://stormcollie.co.kr/charterdeatils2/ZOE-ADOBE/,9,1,41,0,0.024390243902439025,0,0,-1,0,stormcollie.co.kr,2,0,15,0,0.0,/charterdeatils2/ZOE-ADOBE/,4,1,22,0,0.045454545454545456,,4,1,22,0,0.045454545454545456,0,0.0,0,0,0.0,0.0,0,0.0,0,0.0,0,0,0.0,0.0,0,0.0,,0,0,0,0,0.0,,0,0,0,0,0.0,0.0
46,0.0,http://stormcollie.co.kr/charter094/ZOE-ADOBE/,9,3,34,0,0.08823529411764706,0,0,-1,0,stormcollie.co.kr,2,0,15,0,0.0,/charter094/ZOE-ADOBE/,4,3,15,0,0.2,,4,3,15,0,0.2,0,0.0,0,0,0.0,0.0,0,0.0,0,0.0,0,0,0.0,0.0,0,0.0,,0,0,0,0,0.0,,0,0,0,0,0.0,0.0
47,0.0,http://stormcollie.co.kr/charter20201/ZOE-ADOBE/,9,5,34,0,0.14705882352941177,0,0,-1,0,stormcollie.co.kr,2,0,15,0,0.0,/charter20201/ZOE-ADOBE/,4,5,15,0,0.3333333333333333,,4,5,15,0,0.3333333333333333,0,0.0,0,0,0.0,0.0,0,0.0,0,0.0,0,0,0.0,0.0,0,0.0,,0,0,0,0,0.0,,0,0,0,0,0.0,0.0
48,0.0,https://abol-blida.org/wp-includes/SimplePie/HTTP/accss/sxxxm/log.htm,13,0,56,0,0.0,0,1,-1,0,abol-blida.org,2,0,12,0,0.0,/wp-includes/SimplePie/HTTP/accss/sxxxm/log.htm,8,0,39,0,0.0,,8,0,39,0,0.0,0,0.0,0,0,0.0,0.0,0,0.0,0,0.0,0,0,0.0,0.0,0,0.0,,0,0,0,0,0.0,htm,0,0,3,0,0.0,0.0
49,0.0,https://abol-blida.org/wp-includes/SimplePie/HTTP/accss/sxxxm/access.php,13,0,59,0,0.0,0,1,-1,0,abol-blida.org,2,0,12,0,0.0,/wp-includes/SimplePie/HTTP/accss/sxxxm/access.php,8,0,42,0,0.0,,8,0,42,0,0.0,0,0.0,0,0,0.0,0.0,0,0.0,0,0.0,0,0,0.0,0.0,0,0.0,,0,0,0,0,0.0,php,0,0,3,0,0.0,0.0
50,0.0,https://sibn22.com/wp-includes/SimplePie/HTTP/access/info/log.htm,12,2,51,0,0.0392156862745098,0,1,-1,0,sibn22.com,1,2,7,0,0.2857142857142857,/wp-includes/SimplePie/HTTP/access/info/log.htm,8,0,39,0,0.0,,8,0,39,0,0.0,0,0.0,0,0,0.0,0.0,0,0.0,0,0.0,0,0,0.0,0.0,0,0.0,,0,0,0,0,0.0,htm,0,0,3,0,0.0,0.0
51,0.0,https://sibn22.com/wp-includes/SimplePie/HTTP/access/info/access.php,12,2,54,0,0.037037037037037035,0,1,-1,0,sibn22.com,1,2,7,0,0.2857142857142857,/wp-includes/SimplePie/HTTP/access/info/access.php,8,0,42,0,0.0,,8,0,42,0,0.0,0,0.0,0,0,0.0,0.0,0,0.0,0,0.0,0,0,0.0,0.0,0,0.0,,0,0,0,0,0.0,php,0,0,3,0,0.0,0.0
52,0.0,http://thetnlawfirm.com/validpdf/,6,0,27,0,0.0,0,0,-1,0,thetnlawfirm.com,1,0,15,0,0.0,/validpdf/,2,0,8,0,0.0,,2,0,8,0,0.0,0,0.0,0,0,0.0,0.0,0,0.0,0,0.0,0,0,0.0,0.0,0,0.0,,0,0,0,0,0.0,,0,0,0,0,0.0,0.0
53,0.0,http://scrapgraph100.com/officee/login.php,7,3,32,0,0.09375,0,0,-1,0,scrapgraph100.com,1,3,13,0,0.23076923076923078,/officee/login.php,3,0,15,0,0.0,,3,0,15,0,0.0,0,0.0,0,0,0.0,0.0,0,0.0,0,0.0,0,0,0.0,0.0,0,0.0,,0,0,0,0,0.0,php,0,0,3,0,0.0,0.0
54,0.0,https://www.komunitasfilmpramuka.org/ched/tnop.php,8,0,42,0,0.0,0,1,-1,0,www.komunitasfilmpramuka.org,2,0,26,0,0.0,/ched/tnop.php,3,0,11,0,0.0,,3,0,11,0,0.0,0,0.0,0,0,0.0,0.0,0,0.0,0,0.0,0,0,0.0,0.0,0,0.0,,0,0,0,0,0.0,php,0,0,3,0,0.0,0.0
55,0.0,https://super-ofertas-de-janeiro.com/americans/review.php,10,0,47,0,0.0,0,1,-1,0,super-ofertas-de-janeiro.com,4,0,24,0,0.0,/americans/review.php,3,0,18,0,0.0,,3,0,18,0,0.0,0,0.0,0,0,0.0,0.0,0,0.0,0,0.0,0,0,0.0,0.0,0,0.0,,0,0,0,0,0.0,php,0,0,3,0,0.0,0.0
56,0.0,http://lagopodousgraph.com/works/eight/login.php,8,0,40,0,0.0,0,0,-1,0,lagopodousgraph.com,1,0,18,0,0.0,/works/eight/login.php,4,0,18,0,0.0,,4,0,18,0,0.0,0,0.0,0,0,0.0,0.0,0,0.0,0,0.0,0,0,0.0,0.0,0,0.0,,0,0,0,0,0.0,php,0,0,3,0,0.0,0.0
57,0.0,http://pdutama.com/support/login.php,7,0,29,0,0.0,0,0,-1,0,pdutama.com,1,0,10,0,0.0,/support/login.php,3,0,15,0,0.0,,3,0,15,0,0.0,0,0.0,0,0,0.0,0.0,0,0.0,0,0.0,0,0,0.0,0.0,0,0.0,,0,0,0,0,0.0,php,0,0,3,0,0.0,0.0
58,0.0,http://jeffreymheath.info/kr/,6,0,23,0,0.0,0,0,-1,0,jeffreymheath.info,1,0,17,0,0.0,/kr/,2,0,2,0,0.0,,2,0,2,0,0.0,0,0.0,0,0,0.0,0.0,0,0.0,0,0.0,0,0,0.0,0.0,0,0.0,,0,0,0,0,0.0,,0,0,0,0,0.0,0.0
59,0.0,http://jeffreyheath.net/hassna/,6,0,25,0,0.0,0,0,-1,0,jeffreyheath.net,1,0,15,0,0.0,/hassna/,2,0,6,0,0.0,,2,0,6,0,0.0,0,0.0,0,0,0.0,0.0,0,0.0,0,0.0,0,0,0.0,0.0,0,0.0,,0,0,0,0,0.0,,0,0,0,0,0.0,0.0
60,0.0,http://jeffreyheath.net/BNP/,6,0,22,0,0.0,0,0,-1,0,jeffreyheath.net,1,0,15,0,0.0,/BNP/,2,0,3,0,0.0,,2,0,3,0,0.0,0,0.0,0,0,0.0,0.0,0,0.0,0,0.0,0,0,0.0,0.0,0,0.0,,0,0,0,0,0.0,,0,0,0,0,0.0,0.0
61,0.0,https://onflinders.com.au/fonts/74-urgent/urgent/login.php,11,2,45,0,0.044444444444444446,0,1,-1,0,onflinders.com.au,2,0,15,0,0.0,/fonts/74-urgent/urgent/login.php,6,2,25,0,0.08,,6,2,25,0,0.08,0,0.0,0,0,0.0,0.0,0,0.0,0,0.0,0,0,0.0,0.0,0,0.0,,0,0,0,0,0.0,php,0,0,3,0,0.0,0.0
62,0.0,http://chattwhatsapp.vvipx6.com/,6,1,25,0,0.04,0,0,-1,0,chattwhatsapp.vvipx6.com,2,1,21,0,0.047619047619047616,/,1,0,0,0,0.0,,1,0,0,0,0.0,0,0.0,0,0,0.0,0.0,0,0.0,0,0.0,0,0,0.0,0.0,0,0.0,,0,0,0,0,0.0,,0,0,0,0,0.0,0.0
63,0.0,http://dhamrainews24.com/bvzfaghpqna/cwqfaujalaloqal/Dropbox-secured/index.php,10,2,66,0,0.030303030303030304,0,0,-1,0,dhamrainews24.com,1,2,14,0,0.14285714285714285,/bvzfaghpqna/cwqfaujalaloqal/Dropbox-secured/index.php,6,0,48,0,0.0,,6,0,48,0,0.0,0,0.0,0,0,0.0,0.0,0,0.0,0,0.0,0,0,0.0,0.0,0,0.0,,0,0,0,0,0.0,php,0,0,3,0,0.0,0.0
64,0.0,http://copduty.com/fSecureSSL.html,6,0,28,0,0.0,0,0,-1,0,copduty.com,1,0,10,0,0.0,/fSecureSSL.html,2,0,14,0,0.0,,2,0,14,0,0.0,0,0.0,0,0,0.0,0.0,0,0.0,0,0.0,0,0,0.0,0.0,0,0.0,,0,0,0,0,0.0,html,0,0,4,0,0.0,0.0
65,0.0,http://homeartlove.com/iop/OX/RT/,8,0,25,0,0.0,0,0,-1,0,homeartlove.com,1,0,14,0,0.0,/iop/OX/RT/,4,0,7,0,0.0,,4,0,7,0,0.0,0,0.0,0,0,0.0,0.0,0,0.0,0,0.0,0,0,0.0,0.0,0,0.0,,0,0,0,0,0.0,,0,0,0,0,0.0,0.0
66,0.0,http://dabberketchup.com/lunoverification/LUNO/,7,0,40,0,0.0,0,0,-1,0,dabberketchup.com,1,0,16,0,0.0,/lunoverification/LUNO/,3,0,20,0,0.0,,3,0,20,0,0.0,0,0.0,0,0,0.0,0.0,0,0.0,0,0.0,0,0,0.0,0.0,0,0.0,,0,0,0,0,0.0,,0,0,0,0,0.0,0.0
67,0.0,http://colourshed.com/office333/f%ce%b1il%ce%b5dsync/,7,5,37,0,0.13513513513513514,1,0,-1,0,colourshed.com,1,0,13,0,0.0,/office333/f%ce%b1il%ce%b5dsync/,3,5,20,0,0.25,,3,5,20,0,0.25,0,0.0,0,0,0.0,0.0,0,0.0,0,0.0,0,0,0.0,0.0,0,0.0,,0,0,0,0,0.0,,0,0,0,0,0.0,0.0
68,0.0,http://homeartlove.com/rtf/cp/yh/open/,9,0,29,0,0.0,0,0,-1,0,homeartlove.com,1,0,14,0,0.0,/rtf/cp/yh/open/,5,0,11,0,0.0,,5,0,11,0,0.0,0,0.0,0,0,0.0,0.0,0,0.0,0,0.0,0,0,0.0,0.0,0,0.0,,0,0,0,0,0.0,,0,0,0,0,0.0,0.0
69,0.0,http://homeartlove.com/rtf/cp/yh/open/index2.php,10,1,37,0,0.02702702702702703,0,0,-1,0,homeartlove.com,1,0,14,0,0.0,/rtf/cp/yh/open/index2.php,6,1,19,0,0.05263157894736842,,6,1,19,0,0.05263157894736842,0,0.0,0,0,0.0,0.0,0,0.0,0,0.0,0,0,0.0,0.0,0,0.0,,0,0,0,0,0.0,php,0,0,3,0,0.0,0.0
70,0.0,http://haneednn00.com/godaddy/sso.godaddy.com/logincfa4.html,10,3,47,0,0.06382978723404255,0,0,-1,0,haneednn00.com,1,2,11,0,0.18181818181818182,/godaddy/sso.godaddy.com/logincfa4.html,6,1,32,0,0.03125,,6,1,32,0,0.03125,0,0.0,0,0,0.0,0.0,0,0.0,0,0.0,0,0,0.0,0.0,0,0.0,,0,0,0,0,0.0,html,0,0,4,0,0.0,0.0
71,0.0,http://haneednn00.com/godaddy/,6,2,22,0,0.09090909090909091,0,0,-1,0,haneednn00.com,1,2,11,0,0.18181818181818182,/godaddy/,2,0,7,0,0.0,,2,0,7,0,0.0,0,0.0,0,0,0.0,0.0,0,0.0,0,0.0,0,0,0.0,0.0,0,0.0,,0,0,0,0,0.0,,0,0,0,0,0.0,0.0
72,0.0,http://graphvisitors.com/rivep/coolpq/login.php,8,0,39,0,0.0,0,0,-1,0,graphvisitors.com,1,0,16,0,0.0,/rivep/coolpq/login.php,4,0,19,0,0.0,,4,0,19,0,0.0,0,0.0,0,0,0.0,0.0,0,0.0,0,0.0,0,0,0.0,0.0,0,0.0,,0,0,0,0,0.0,php,0,0,3,0,0.0,0.0
73,0.0,http://badasslabs.com/Upgradeconfig/LUNO/,7,0,34,0,0.0,0,0,-1,0,badasslabs.com,1,0,13,0,0.0,/Upgradeconfig/LUNO/,3,0,17,0,0.0,,3,0,17,0,0.0,0,0.0,0,0,0.0,0.0,0,0.0,0,0.0,0,0,0.0,0.0,0,0.0,,0,0,0,0,0.0,,0,0,0,0,0.0,0.0
74,0.0,http://dreamweavesolutions.com/w/mail.zimbra.com/,9,0,40,0,0.0,0,0,-1,0,dreamweavesolutions.com,1,0,22,0,0.0,/w/mail.zimbra.com/,5,0,14,0,0.0,,5,0,14,0,0.0,0,0.0,0,0,0.0,0.0,0,0.0,0,0.0,0,0,0.0,0.0,0,0.0,,0,0,0,0,0.0,,0,0,0,0,0.0,0.0
75,0.0,http://dreamweavesolutions.com/w/mail.zimbra.com/login.php,10,0,48,0,0.0,0,0,-1,0,dreamweavesolutions.com,1,0,22,0,0.0,/w/mail.zimbra.com/login.php,6,0,22,0,0.0,,6,0,22,0,0.0,0,0.0,0,0,0.0,0.0,0,0.0,0,0.0,0,0,0.0,0.0,0,0.0,,0,0,0,0,0.0,php,0,0,3,0,0.0,0.0
76,0.0,http://carneliancapitaladvisor.com/CD/off-vl/,8,0,37,0,0.0,0,0,-1,0,carneliancapitaladvisor.com,1,0,26,0,0.0,/CD/off-vl/,4,0,7,0,0.0,,4,0,7,0,0.0,0,0.0,0,0,0.0,0.0,0,0.0,0,0.0,0,0,0.0,0.0,0,0.0,,0,0,0,0,0.0,,0,0,0,0,0.0,0.0
77,0.0,http://bestsemarangguide.com/dp/view/login.php,8,0,38,0,0.0,0,0,-1,0,bestsemarangguide.com,1,0,20,0,0.0,/dp/view/login.php,4,0,14,0,0.0,,4,0,14,0,0.0,0,0.0,0,0,0.0,0.0,0,0.0,0,0.0,0,0,0.0,0.0,0,0.0,,0,0,0,0,0.0,php,0,0,3,0,0.0,0.0
78,0.0,http://bestsemarangguide.com/cp/view/login.php,8,0,38,0,0.0,0,0,-1,0,bestsemarangguide.com,1,0,20,0,0.0,/cp/view/login.php,4,0,14,0,0.0,,4,0,14,0,0.0,0,0.0,0,0,0.0,0.0,0,0.0,0,0.0,0,0,0.0,0.0,0,0.0,,0,0,0,0,0.0,php,0,0,3,0,0.0,0.0
79,0.0,http://bestsemarangguide.com/sp/view/login.php,8,0,38,0,0.0,0,0,-1,0,bestsemarangguide.com,1,0,20,0,0.0,/sp/view/login.php,4,0,14,0,0.0,,4,0,14,0,0.0,0,0.0,0,0,0.0,0.0,0,0.0,0,0.0,0,0,0.0,0.0,0,0.0,,0,0,0,0,0.0,php,0,0,3,0,0.0,0.0
80,0.0,http://mncssssssssssssk.byethost8.com/SF4dd/,7,2,35,0,0.05714285714285714,0,0,-1,0,mncssssssssssssk.byethost8.com,2,1,27,0,0.037037037037037035,/SF4dd/,2,1,4,0,0.25,,2,1,4,0,0.25,0,0.0,0,0,0.0,0.0,0,0.0,0,0.0,0,0,0.0,0.0,0,0.0,,0,0,0,0,0.0,,0,0,0,0,0.0,0.0
81,0.0,http://wetransferc5login.dnset.com/ZAWdwWSvUbAtUNVjfbdkWdwAtUNVmnUbAtU,6,1,63,0,0.015873015873015872,0,0,-1,0,wetransferc5login.dnset.com,2,1,24,0,0.041666666666666664,/ZAWdwWSvUbAtUNVjfbdkWdwAtUNVmnUbAtU,1,0,35,0,0.0,,1,0,35,0,0.0,0,0.0,0,0,0.0,0.0,0,0.0,0,0.0,0,0,0.0,0.0,0,0.0,,0,0,0,0,0.0,,0,0,0,0,0.0,0.0
82,0.0,http://wetransferb2login.dnset.com/ZAWdwWSvUbAtUNVjfbdkWdwAtUNVmnUbAtU,6,1,63,0,0.015873015873015872,0,0,-1,0,wetransferb2login.dnset.com,2,1,24,0,0.041666666666666664,/ZAWdwWSvUbAtUNVjfbdkWdwAtUNVmnUbAtU,1,0,35,0,0.0,,1,0,35,0,0.0,0,0.0,0,0,0.0,0.0,0,0.0,0,0.0,0,0,0.0,0.0,0,0.0,,0,0,0,0,0.0,,0,0,0,0,0.0,0.0
83,0.0,http://wetransferb1login.dnset.com/ZAWdwWSvUbAtUNVjfbdkWdwAtUNVmnUbAtU,6,1,63,0,0.015873015873015872,0,0,-1,0,wetransferb1login.dnset.com,2,1,24,0,0.041666666666666664,/ZAWdwWSvUbAtUNVjfbdkWdwAtUNVmnUbAtU,1,0,35,0,0.0,,1,0,35,0,0.0,0,0.0,0,0,0.0,0.0,0,0.0,0,0.0,0,0,0.0,0.0,0,0.0,,0,0,0,0,0.0,,0,0,0,0,0.0,0.0
84,0.0,http://wetransferc4login.dnset.com/ZAWdwWSvUbAtUNVjfbdkWdwAtUNVmnUbAtU,6,1,63,0,0.015873015873015872,0,0,-1,0,wetransferc4login.dnset.com,2,1,24,0,0.041666666666666664,/ZAWdwWSvUbAtUNVjfbdkWdwAtUNVmnUbAtU,1,0,35,0,0.0,,1,0,35,0,0.0,0,0.0,0,0,0.0,0.0,0,0.0,0,0.0,0,0,0.0,0.0,0,0.0,,0,0,0,0,0.0,,0,0,0,0,0.0,0.0
85,0.0,http://advancedfishtaxidermy.com/DocuSign_Office_auth_ssl/,9,0,49,0,0.0,0,0,-1,0,advancedfishtaxidermy.com,1,0,24,0,0.0,/DocuSign_Office_auth_ssl/,5,0,21,0,0.0,,5,0,21,0,0.0,0,0.0,0,0,0.0,0.0,0,0.0,0,0.0,0,0,0.0,0.0,0,0.0,,0,0,0,0,0.0,,0,0,0,0,0.0,0.0
86,0.0,http://advancedfishtaxidermy.com/Secure_File_DocuSign/,8,0,46,0,0.0,0,0,-1,0,advancedfishtaxidermy.com,1,0,24,0,0.0,/Secure_File_DocuSign/,4,0,18,0,0.0,,4,0,18,0,0.0,0,0.0,0,0,0.0,0.0,0,0.0,0,0.0,0,0,0.0,0.0,0,0.0,,0,0,0,0,0.0,,0,0,0,0,0.0,0.0
87,0.0,http://advancedfishtaxidermy.com/Microsoft_Office_365_Secure/,9,3,49,0,0.061224489795918366,0,0,-1,0,advancedfishtaxidermy.com,1,0,24,0,0.0,/Microsoft_Office_365_Secure/,5,3,21,0,0.14285714285714285,,5,3,21,0,0.14285714285714285,0,0.0,0,0,0.0,0.0,0,0.0,0,0.0,0,0,0.0,0.0,0,0.0,,0,0,0,0,0.0,,0,0,0,0,0.0,0.0
88,0.0,http://shopifycoders.com/wp-admin/din/,8,0,30,0,0.0,0,0,-1,0,shopifycoders.com,1,0,16,0,0.0,/wp-admin/din/,4,0,10,0,0.0,,4,0,10,0,0.0,0,0.0,0,0,0.0,0.0,0,0.0,0,0.0,0,0,0.0,0.0,0,0.0,,0,0,0,0,0.0,,0,0,0,0,0.0,0.0
89,0.0,http://shopifycoders.com/wp-admin/din/login.php?cmd=login_submit&id=f17b8cd0dfc319fcd8a07dc9a3dba729f17b8cd0dfc319fcd8a07dc9a3dba729&session=f17b8cd0dfc319fcd8a07dc9a3dba729f17b8cd0dfc319fcd8a07dc9a3dba729,14,60,129,0,0.46511627906976744,0,0,-1,0,shopifycoders.com,1,0,16,0,0.0,/wp-admin/din/login.php,5,0,18,0,0.0,cmd=login_submit&id=f17b8cd0dfc319fcd8a07dc9a3dba729f17b8cd0dfc319fcd8a07dc9a3dba729&session=f17b8cd0dfc319fcd8a07dc9a3dba729f17b8cd0dfc319fcd8a07dc9a3dba729,5,0,18,0,0.0,12,4.0,7,12,0.0,4.0,0,0.0,140,46.666666666666664,64,79,20.0,26.333333333333332,0,0.0,,0,0,0,0,0.0,php,0,0,3,0,0.0,0.0
90,0.0,http://www.angellottocostruzioni.it/usamob/usaamob/usaa/,9,0,47,0,0.0,0,0,-1,0,www.angellottocostruzioni.it,2,0,26,0,0.0,/usamob/usaamob/usaa/,4,0,17,0,0.0,,4,0,17,0,0.0,0,0.0,0,0,0.0,0.0,0,0.0,0,0.0,0,0,0.0,0.0,0,0.0,,0,0,0,0,0.0,,0,0,0,0,0.0,0.0
91,0.0,http://meetukranianwomen.com/wp-download-content.nomadfoods.com.mysharepoint.Onedrive.personal.nomadfoods.layouts.15.WopiFrame.aspx.sourcedocAttachmentsDownload$%25$%23@&)(%5e+/OneDrive/,20,7,149,0,0.04697986577181208,1,0,-1,0,meetukranianwomen.com,1,0,20,0,0.0,/wp-download-content.nomadfoods.com.mysharepoint.Onedrive.personal.nomadfoods.layouts.15.WopiFrame.aspx.sourcedocAttachmentsDownload$%25$%23@&)(%5e+/OneDrive/,16,7,125,0,0.056,,16,7,125,0,0.056,0,0.0,0,0,0.0,0.0,0,0.0,0,0.0,0,0,0.0,0.0,0,0.0,,0,0,0,0,0.0,,0,0,0,0,0.0,0.0
92,0.0,http://loostorm.co.kr/CD/off-vl/,9,0,23,0,0.0,0,0,-1,0,loostorm.co.kr,2,0,12,0,0.0,/CD/off-vl/,4,0,7,0,0.0,,4,0,7,0,0.0,0,0.0,0,0,0.0,0.0,0,0.0,0,0.0,0,0,0.0,0.0,0,0.0,,0,0,0,0,0.0,,0,0,0,0,0.0,0.0
93,0.0,http://meetukranianwomen.com/wp-download-content.dymax.com.mysharepoint.Onedrive.personal.dymax.com.layouts.15.WopiFrame.aspx.sourcedocAttachmentsDownload$%25$%23@&)(%5e+/OneDrive/,21,7,142,0,0.04929577464788732,1,0,-1,0,meetukranianwomen.com,1,0,20,0,0.0,/wp-download-content.dymax.com.mysharepoint.Onedrive.personal.dymax.com.layouts.15.WopiFrame.aspx.sourcedocAttachmentsDownload$%25$%23@&)(%5e+/OneDrive/,17,7,118,0,0.059322033898305086,,17,7,118,0,0.059322033898305086,0,0.0,0,0,0.0,0.0,0,0.0,0,0.0,0,0,0.0,0.0,0,0.0,,0,0,0,0,0.0,,0,0,0,0,0.0,0.0
94,0.0,https://appleld-mysecureacc.servequake.com/IDMSWebAuth/?controls=login&sessionId=160565988c4f68a5dc4ab3cbece577c69581eead48f60af6490829c38f9961de&country=CA,12,40,102,0,0.39215686274509803,0,1,-1,0,appleld-mysecureacc.servequake.com,3,0,31,0,0.0,/IDMSWebAuth/,2,0,11,0,0.0,controls=login&sessionId=160565988c4f68a5dc4ab3cbece577c69581eead48f60af6490829c38f9961de&country=CA,2,0,11,0,0.0,24,8.0,9,24,0.0,8.0,0,0.0,71,23.666666666666668,64,31,13.333333333333334,10.333333333333334,0,0.0,,0,0,0,0,0.0,,0,0,0,0,0.0,0.0
95,0.0,https://ofertas-anonovo.com/acompanhamento/,7,0,36,0,0.0,0,1,-1,0,ofertas-anonovo.com,2,0,17,0,0.0,/acompanhamento/,2,0,14,0,0.0,,2,0,14,0,0.0,0,0.0,0,0,0.0,0.0,0,0.0,0,0.0,0,0,0.0,0.0,0,0.0,,0,0,0,0,0.0,,0,0,0,0,0.0,0.0
96,0.0,http://gene.green/wp-uncloude/dashboard/za3im/,9,1,36,0,0.027777777777777776,0,0,-1,0,gene.green,1,0,9,0,0.0,/wp-uncloude/dashboard/za3im/,5,1,23,0,0.043478260869565216,,5,1,23,0,0.043478260869565216,0,0.0,0,0,0.0,0.0,0,0.0,0,0.0,0,0,0.0,0.0,0,0.0,,0,0,0,0,0.0,,0,0,0,0,0.0,0.0
97,0.0,http://isikowear.com/spiloor/coolpq/,7,0,29,0,0.0,0,0,-1,0,isikowear.com,1,0,12,0,0.0,/spiloor/coolpq/,3,0,13,0,0.0,,3,0,13,0,0.0,0,0.0,0,0,0.0,0.0,0,0.0,0,0.0,0,0,0.0,0.0,0,0.0,,0,0,0,0,0.0,,0,0,0,0,0.0,0.0
98,0.0,http://hoopswithoutborders.com/docs/,6,0,30,0,0.0,0,0,-1,0,hoopswithoutborders.com,1,0,22,0,0.0,/docs/,2,0,4,0,0.0,,2,0,4,0,0.0,0,0.0,0,0,0.0,0.0,0,0.0,0,0.0,0,0,0.0,0.0,0,0.0,,0,0,0,0,0.0,,0,0,0,0,0.0,0.0
99,0.0,http://hoopswithoutborders.com/docs/verification.php?sf58gfd1s689sxd2sdf8angf264s9df23sd2f1n495K3L2C151645172991f1477dbd26917ef3822423f62e984a91f1477dbd26917ef3822423f62e984a91f1477dbd,8,83,93,0,0.8924731182795699,0,0,-1,0,hoopswithoutborders.com,1,0,22,0,0.0,/docs/verification.php,3,0,19,0,0.0,sf58gfd1s689sxd2sdf8angf264s9df23sd2f1n495K3L2C151645172991f1477dbd26917ef3822423f62e984a91f1477dbd26917ef3822423f62e984a91f1477dbd,3,0,19,0,0.0,0,0.0,0,0,0.0,0.0,0,0.0,0,0.0,0,0,0.0,0.0,0,0.0,,0,0,0,0,0.0,php,0,0,3,0,0.0,0.0
100,0.0,http://hoopswithoutborders.com/docs/vtp23g8qo93gdxgf5c9gbi9i.php?rand=13InboxLightaspxn.1774256418&fid&1252899642&fid.1&fav.1&email=,13,32,82,0,0.3902439024390244,0,0,-1,0,hoopswithoutborders.com,1,0,22,0,0.0,/docs/vtp23g8qo93gdxgf5c9gbi9i.php,3,8,23,0,0.34782608695652173,rand=13InboxLightaspxn.1774256418&fid&1252899642&fid.1&fav.1&email=,3,8,23,0,0.34782608695652173,4,4.0,4,4,0.0,4.0,0,0.0,28,28.0,28,15,12.0,15.0,0,0.0,,0,0,0,0,0.0,php,0,0,3,0,0.0,0.0
101,0.0,http://sq.adr.com.ua/,7,0,14,0,0.0,0,0,-1,0,sq.adr.com.ua,3,0,10,0,0.0,/,1,0,0,0,0.0,,1,0,0,0,0.0,0,0.0,0,0,0.0,0.0,0,0.0,0,0.0,0,0,0.0,0.0,0,0.0,,0,0,0,0,0.0,,0,0,0,0,0.0,0.0
102,0.0,https://airbookingsng.tk/c/#/login,8,0,26,0,0.0,0,1,-1,0,airbookingsng.tk,1,0,15,0,0.0,/c/,2,0,1,0,0.0,,2,0,1,0,0.0,0,0.0,0,0,0.0,0.0,0,0.0,0,0.0,0,0,0.0,0.0,0,0.0,/login,1,0,5,0,0.0,,0,0,0,0,0.0,0.0
103,0.0,https://lcloud-icloud.com/Mapa,6,0,24,0,0.0,0,1,-1,0,lcloud-icloud.com,2,0,15,0,0.0,/Mapa,1,0,4,0,0.0,,1,0,4,0,0.0,0,0.0,0,0,0.0,0.0,0,0.0,0,0.0,0,0,0.0,0.0,0,0.0,,0,0,0,0,0.0,,0,0,0,0,0.0,0.0
104,0.0,https://u.nu/fw1ee,5,1,12,0,0.08333333333333333,0,1,-1,0,u.nu,1,0,3,0,0.0,/fw1ee,1,1,4,0,0.25,,1,1,4,0,0.25,0,0.0,0,0,0.0,0.0,0,0.0,0,0.0,0,0,0.0,0.0,0,0.0,,0,0,0,0,0.0,,0,0,0,0,0.0,0.0
105,0.0,http://shopifycoders.com/wp-admin/din/login.php,9,0,38,0,0.0,0,0,-1,0,shopifycoders.com,1,0,16,0,0.0,/wp-admin/din/login.php,5,0,18,0,0.0,,5,0,18,0,0.0,0,0.0,0,0,0.0,0.0,0,0.0,0,0.0,0,0,0.0,0.0,0,0.0,,0,0,0,0,0.0,php,0,0,3,0,0.0,0.0
106,0.0,http://foodingencounters.com/signup/confirmuser,6,0,41,0,0.0,0,0,-1,0,foodingencounters.com,1,0,20,0,0.0,/signup/confirmuser,2,0,17,0,0.0,,2,0,17,0,0.0,0,0.0,0,0,0.0,0.0,0,0.0,0,0.0,0,0,0.0,0.0,0,0.0,,0,0,0,0,0.0,,0,0,0,0,0.0,0.0
107,0.0,https://super-ofertas-televisor.com/Promo-Fevereiro/TV-58/Smart-TV4K-LED-58-Samsung-NU7100-WiFi-HDR-Conversor-Digital-3-HDMI-2-USB.php?ass=RQi%25N*HcEpiwBg4C4db0rVa4_tpIesVop0d%258sA82hUWY1aXi99FVC-nGSQoiQKrO81,29,28,150,0,0.18666666666666668,1,1,-1,0,super-ofertas-televisor.com,3,0,24,0,0.0,/Promo-Fevereiro/TV-58/Smart-TV4K-LED-58-Samsung-NU7100-WiFi-HDR-Conversor-Digital-3-HDMI-2-USB.php,19,11,69,0,0.15942028985507245,ass=RQi%25N*HcEpiwBg4C4db0rVa4_tpIesVop0d%258sA82hUWY1aXi99FVC-nGSQoiQKrO81,19,11,69,0,0.15942028985507245,3,3.0,3,3,0.0,3.0,0,0.0,67,67.0,67,49,13.0,49.0,0,0.0,,0,0,0,0,0.0,php,0,0,3,0,0.0,0.0
108,0.0,http://patraglobal.com/2019/0308/c9257a144738,7,18,20,0,0.9,0,0,-1,0,patraglobal.com,1,0,14,0,0.0,/2019/0308/c9257a144738,3,18,2,0,9.0,,3,18,2,0,9.0,0,0.0,0,0,0.0,0.0,0,0.0,0,0.0,0,0,0.0,0.0,0,0.0,,0,0,0,0,0.0,,0,0,0,0,0.0,0.0
109,0.0,http://patraglobal.com/2019/0109/c11556a141748,7,19,20,0,0.95,0,0,-1,0,patraglobal.com,1,0,14,0,0.0,/2019/0109/c11556a141748,3,19,2,0,9.5,,3,19,2,0,9.5,0,0.0,0,0,0.0,0.0,0,0.0,0,0.0,0,0,0.0,0.0,0,0.0,,0,0,0,0,0.0,,0,0,0,0,0.0,0.0
110,0.0,http://patraglobal.com/2019/0307/c11543a144744,7,19,20,0,0.95,0,0,-1,0,patraglobal.com,1,0,14,0,0.0,/2019/0307/c11543a144744,3,19,2,0,9.5,,3,19,2,0,9.5,0,0.0,0,0,0.0,0.0,0,0.0,0,0.0,0,0,0.0,0.0,0,0.0,,0,0,0,0,0.0,,0,0,0,0,0.0,0.0
111,0.0,https://infoapple-rs.com/Espanol/?iphone=OKjql8N,9,1,38,0,0.02631578947368421,0,1,-1,0,infoapple-rs.com,2,0,14,0,0.0,/Espanol/,2,0,7,0,0.0,iphone=OKjql8N,2,0,7,0,0.0,6,6.0,6,6,0.0,6.0,0,0.0,7,7.0,7,6,1.0,6.0,0,0.0,,0,0,0,0,0.0,,0,0,0,0,0.0,0.0
112,0.0,https://royalsclubcorbett.com/wp-includes/Client/login.php,9,0,49,0,0.0,0,1,-1,0,royalsclubcorbett.com,1,0,20,0,0.0,/wp-includes/Client/login.php,5,0,24,0,0.0,,5,0,24,0,0.0,0,0.0,0,0,0.0,0.0,0,0.0,0,0.0,0,0,0.0,0.0,0,0.0,,0,0,0,0,0.0,php,0,0,3,0,0.0,0.0
113,0.0,https://banhonasodar-com-br.umbler.net/itau/index.php,10,0,43,0,0.0,0,1,-1,0,banhonasodar-com-br.umbler.net,4,0,26,0,0.0,/itau/index.php,3,0,12,0,0.0,,3,0,12,0,0.0,0,0.0,0,0,0.0,0.0,0,0.0,0,0.0,0,0,0.0,0.0,0,0.0,,0,0,0,0,0.0,php,0,0,3,0,0.0,0.0
114,0.0,https://banhonasodar-com-br.umbler.net/itau/bklcom_dll.php,11,0,47,0,0.0,0,1,-1,0,banhonasodar-com-br.umbler.net,4,0,26,0,0.0,/itau/bklcom_dll.php,4,0,16,0,0.0,,4,0,16,0,0.0,0,0.0,0,0,0.0,0.0,0,0.0,0,0.0,0,0,0.0,0.0,0,0.0,,0,0,0,0,0.0,php,0,0,3,0,0.0,0.0
115,0.0,https://josephine-klin.fr/wp-includes/theme-compat/usaa/,11,0,45,0,0.0,0,1,-1,0,josephine-klin.fr,2,0,15,0,0.0,/wp-includes/theme-compat/usaa/,6,0,25,0,0.0,,6,0,25,0,0.0,0,0.0,0,0,0.0,0.0,0,0.0,0,0.0,0,0,0.0,0.0,0,0.0,,0,0,0,0,0.0,,0,0,0,0,0.0,0.0
116,0.0,https://welisfrago1.webcindario.com/w2020?utm_medium=marketing&_branch_match_id=751534712510663071,13,23,61,0,0.3770491803278688,0,1,-1,0,welisfrago1.webcindario.com,2,1,24,0,0.041666666666666664,/w2020,1,4,1,0,4.0,utm_medium=marketing&_branch_match_id=751534712510663071,1,4,1,0,4.0,26,13.0,16,22,0.0,11.0,0,0.0,27,13.5,18,9,9.0,4.5,0,0.0,,0,0,0,0,0.0,,0,0,0,0,0.0,0.0
117,0.0,https://gilbertownal.icu/upround/dashboard.php,7,0,39,0,0.0,0,1,-1,0,gilbertownal.icu,1,0,15,0,0.0,/upround/dashboard.php,3,0,19,0,0.0,,3,0,19,0,0.0,0,0.0,0,0,0.0,0.0,0,0.0,0,0.0,0,0,0.0,0.0,0,0.0,,0,0,0,0,0.0,php,0,0,3,0,0.0,0.0
118,0.0,https://tc-electrical.co.za/images/sbc/sbc/sbc/login.htm,12,0,44,0,0.0,0,1,-1,0,tc-electrical.co.za,3,0,16,0,0.0,/images/sbc/sbc/sbc/login.htm,6,0,23,0,0.0,,6,0,23,0,0.0,0,0.0,0,0,0.0,0.0,0,0.0,0,0.0,0,0,0.0,0.0,0,0.0,,0,0,0,0,0.0,htm,0,0,3,0,0.0,0.0
119,0.0,https://entry.ubrbonos.com/auth/U15EN/login/?token=qwqupkzvaxxwe23kqeij,11,4,56,0,0.07142857142857142,0,1,-1,0,entry.ubrbonos.com,2,0,16,0,0.0,/auth/U15EN/login/,4,2,12,0,0.16666666666666666,token=qwqupkzvaxxwe23kqeij,4,2,12,0,0.16666666666666666,5,5.0,5,5,0.0,5.0,0,0.0,20,20.0,20,18,2.0,18.0,0,0.0,,0,0,0,0,0.0,,0,0,0,0,0.0,0.0
120,0.0,http://chloeclast.co.kr/Box/fire-3/,9,1,25,0,0.04,0,0,-1,0,chloeclast.co.kr,2,0,14,0,0.0,/Box/fire-3/,4,1,7,0,0.14285714285714285,,4,1,7,0,0.14285714285714285,0,0.0,0,0,0.0,0.0,0,0.0,0,0.0,0,0,0.0,0.0,0,0.0,,0,0,0,0,0.0,,0,0,0,0,0.0,0.0
121,0.0,http://custompaintus.com/ds-urgent/urgent/,8,0,34,0,0.0,0,0,-1,0,custompaintus.com,1,0,16,0,0.0,/ds-urgent/urgent/,4,0,14,0,0.0,,4,0,14,0,0.0,0,0.0,0,0,0.0,0.0,0,0.0,0,0.0,0,0,0.0,0.0,0,0.0,,0,0,0,0,0.0,,0,0,0,0,0.0,0.0
122,0.0,http://custompaintus.com/ds-urgent/urgent/login.php?cmd=login_submit&id=f3183be00f3e6b3dd34d7140c04544a4f3183be00f3e6b3dd34d7140c04544a4&session=f3183be00f3e6b3dd34d7140c04544a4f3183be00f3e6b3dd34d7140c04544a4,14,84,109,0,0.7706422018348624,0,0,-1,0,custompaintus.com,1,0,16,0,0.0,/ds-urgent/urgent/login.php,5,0,22,0,0.0,cmd=login_submit&id=f3183be00f3e6b3dd34d7140c04544a4f3183be00f3e6b3dd34d7140c04544a4&session=f3183be00f3e6b3dd34d7140c04544a4f3183be00f3e6b3dd34d7140c04544a4,5,0,22,0,0.0,12,4.0,7,12,0.0,4.0,0,0.0,140,46.666666666666664,64,55,28.0,18.333333333333332,0,0.0,,0,0,0,0,0.0,php,0,0,3,0,0.0,0.0
123,0.0,https://entry.ubrbonos.com/auth/U15EN,7,2,28,0,0.07142857142857142,0,1,-1,0,entry.ubrbonos.com,2,0,16,0,0.0,/auth/U15EN,2,2,7,0,0.2857142857142857,,2,2,7,0,0.2857142857142857,0,0.0,0,0,0.0,0.0,0,0.0,0,0.0,0,0,0.0,0.0,0,0.0,,0,0,0,0,0.0,,0,0,0,0,0.0,0.0
124,0.0,http://www.haryanaelection2019.com/.well-known/nfx/,10,4,37,0,0.10810810810810811,0,0,-1,0,www.haryanaelection2019.com,2,4,21,0,0.19047619047619047,/.well-known/nfx/,5,0,12,0,0.0,,5,0,12,0,0.0,0,0.0,0,0,0.0,0.0,0,0.0,0,0.0,0,0,0.0,0.0,0,0.0,,0,0,0,0,0.0,,0,0,0,0,0.0,0.0
125,0.0,http://benhoffmanmusic.com/b/11/,7,2,23,0,0.08695652173913043,0,0,-1,0,benhoffmanmusic.com,1,0,18,0,0.0,/b/11/,3,2,1,0,2.0,,3,2,1,0,2.0,0,0.0,0,0,0.0,0.0,0,0.0,0,0.0,0,0,0.0,0.0,0,0.0,,0,0,0,0,0.0,,0,0,0,0,0.0,0.0
126,0.0,http://benhoffmanmusic.com/c/11/,7,2,23,0,0.08695652173913043,0,0,-1,0,benhoffmanmusic.com,1,0,18,0,0.0,/c/11/,3,2,1,0,2.0,,3,2,1,0,2.0,0,0.0,0,0,0.0,0.0,0,0.0,0,0.0,0,0,0.0,0.0,0,0.0,,0,0,0,0,0.0,,0,0,0,0,0.0,0.0
127,0.0,http://benhoffmanmusic.com/index%20/,6,2,27,0,0.07407407407407407,1,0,-1,0,benhoffmanmusic.com,1,0,18,0,0.0,/index%20/,2,2,5,0,0.4,,2,2,5,0,0.4,0,0.0,0,0,0.0,0.0,0,0.0,0,0.0,0,0,0.0,0.0,0,0.0,,0,0,0,0,0.0,,0,0,0,0,0.0,0.0
128,0.0,http://ben.band/txt/,6,0,14,0,0.0,0,0,-1,0,ben.band,1,0,7,0,0.0,/txt/,2,0,3,0,0.0,,2,0,3,0,0.0,0,0.0,0,0,0.0,0.0,0,0.0,0,0.0,0,0,0.0,0.0,0,0.0,,0,0,0,0,0.0,,0,0,0,0,0.0,0.0
129,0.0,http://ben.band/txt/verify/2yzljpnb4jyz9sz2dvunh9ls.php?config=,10,5,48,0,0.10416666666666667,0,0,-1,0,ben.band,1,0,7,0,0.0,/txt/verify/2yzljpnb4jyz9sz2dvunh9ls.php,4,5,31,0,0.16129032258064516,config=,4,5,31,0,0.16129032258064516,0,0.0,0,0,0.0,0.0,0,0.0,0,0.0,0,0,0.0,0.0,0,0.0,,0,0,0,0,0.0,php,0,0,3,0,0.0,0.0
130,0.0,http://ben.band/txt/complete/fmkc7nxadmlvvyy3lvfxtzgy.php?config=,10,2,53,0,0.03773584905660377,0,0,-1,0,ben.band,1,0,7,0,0.0,/txt/complete/fmkc7nxadmlvvyy3lvfxtzgy.php,4,2,36,0,0.05555555555555555,config=,4,2,36,0,0.05555555555555555,0,0.0,0,0,0.0,0.0,0,0.0,0,0.0,0,0,0.0,0.0,0,0.0,,0,0,0,0,0.0,php,0,0,3,0,0.0,0.0
131,0.0,http://3piecebuilding.com/dc/,6,1,22,0,0.045454545454545456,0,0,-1,0,3piecebuilding.com,1,1,16,0,0.0625,/dc/,2,0,2,0,0.0,,2,0,2,0,0.0,0,0.0,0,0,0.0,0.0,0,0.0,0,0.0,0,0,0.0,0.0,0,0.0,,0,0,0,0,0.0,,0,0,0,0,0.0,0.0
132,0.0,http://3piecebuilding.com/gos/,6,1,23,0,0.043478260869565216,0,0,-1,0,3piecebuilding.com,1,1,16,0,0.0625,/gos/,2,0,3,0,0.0,,2,0,3,0,0.0,0,0.0,0,0,0.0,0.0,0,0.0,0,0.0,0,0,0.0,0.0,0,0.0,,0,0,0,0,0.0,,0,0,0,0,0.0,0.0
133,0.0,http://myetherwallet-com-crypto.com/,7,0,29,0,0.0,0,0,-1,0,myetherwallet-com-crypto.com,3,0,25,0,0.0,/,1,0,0,0,0.0,,1,0,0,0,0.0,0,0.0,0,0,0.0,0.0,0,0.0,0,0.0,0,0,0.0,0.0,0,0.0,,0,0,0,0,0.0,,0,0,0,0,0.0,0.0
134,0.0,http://www.mywigo.com/sazqrqja/vqreqyujaa/?email=,10,0,39,0,0.0,0,0,-1,0,www.mywigo.com,2,0,12,0,0.0,/sazqrqja/vqreqyujaa/,3,0,18,0,0.0,email=,3,0,18,0,0.0,0,0.0,0,0,0.0,0.0,0,0.0,0,0.0,0,0,0.0,0.0,0,0.0,,0,0,0,0,0.0,,0,0,0,0,0.0,0.0
135,0.0,http://hallamtest.com/oned/drive/,7,0,26,0,0.0,0,0,-1,0,hallamtest.com,1,0,13,0,0.0,/oned/drive/,3,0,9,0,0.0,,3,0,9,0,0.0,0,0.0,0,0,0.0,0.0,0,0.0,0,0.0,0,0,0.0,0.0,0,0.0,,0,0,0,0,0.0,,0,0,0,0,0.0,0.0
136,0.0,http://ankurmittal.in/filex/my-sharepoint-com/,9,0,37,0,0.0,0,0,-1,0,ankurmittal.in,1,0,13,0,0.0,/filex/my-sharepoint-com/,5,0,20,0,0.0,,5,0,20,0,0.0,0,0.0,0,0,0.0,0.0,0,0.0,0,0.0,0,0,0.0,0.0,0,0.0,,0,0,0,0,0.0,,0,0,0,0,0.0,0.0
137,0.0,http://www.tused.cf/poca/rdr.html,8,0,25,0,0.0,0,0,-1,0,www.tused.cf,2,0,10,0,0.0,/poca/rdr.html,3,0,11,0,0.0,,3,0,11,0,0.0,0,0.0,0,0,0.0,0.0,0,0.0,0,0.0,0,0,0.0,0.0,0,0.0,,0,0,0,0,0.0,html,0,0,4,0,0.0,0.0
138,0.0,http://patraglobal.com/2019/0422/c11543a146623,7,19,20,0,0.95,0,0,-1,0,patraglobal.com,1,0,14,0,0.0,/2019/0422/c11543a146623,3,19,2,0,9.5,,3,19,2,0,9.5,0,0.0,0,0,0.0,0.0,0,0.0,0,0.0,0,0,0.0,0.0,0,0.0,,0,0,0,0,0.0,,0,0,0,0,0.0,0.0
139,0.0,http://circumstanceomar.com/gilbaneco/omo/,7,0,35,0,0.0,0,0,-1,0,circumstanceomar.com,1,0,19,0,0.0,/gilbaneco/omo/,3,0,12,0,0.0,,3,0,12,0,0.0,0,0.0,0,0,0.0,0.0,0,0.0,0,0.0,0,0,0.0,0.0,0,0.0,,0,0,0,0,0.0,,0,0,0,0,0.0,0.0
140,0.0,http://circumstanceomar.com/invoice/omo/,7,0,33,0,0.0,0,0,-1,0,circumstanceomar.com,1,0,19,0,0.0,/invoice/omo/,3,0,10,0,0.0,,3,0,10,0,0.0,0,0.0,0,0,0.0,0.0,0,0.0,0,0.0,0,0,0.0,0.0,0,0.0,,0,0,0,0,0.0,,0,0,0,0,0.0,0.0
141,0.0,http://m.wt9942.com/,6,4,10,0,0.4,0,0,-1,0,m.wt9942.com,2,4,6,0,0.6666666666666666,/,1,0,0,0,0.0,,1,0,0,0,0.0,0,0.0,0,0,0.0,0.0,0,0.0,0,0.0,0,0,0.0,0.0,0,0.0,,0,0,0,0,0.0,,0,0,0,0,0.0,0.0
142,0.0,https://lcloud-ilogin.com/Espanol/index2.php?iphone=C83LgGb&auth=,11,3,50,0,0.06,0,1,-1,0,lcloud-ilogin.com,2,0,15,0,0.0,/Espanol/index2.php,3,1,15,0,0.06666666666666667,iphone=C83LgGb&auth=,3,1,15,0,0.06666666666666667,6,6.0,6,6,0.0,6.0,0,0.0,7,7.0,7,5,2.0,5.0,0,0.0,,0,0,0,0,0.0,php,0,0,3,0,0.0,0.0
143,0.0,http://tarjetaconfirmar-ibercaja-movil.com/ES47034008/iberca/0a5521b88d0d758b9c10ec15b07914fb,9,29,55,0,0.5272727272727272,0,0,-1,0,tarjetaconfirmar-ibercaja-movil.com,3,0,32,0,0.0,/ES47034008/iberca/0a5521b88d0d758b9c10ec15b07914fb,3,29,19,0,1.5263157894736843,,3,29,19,0,1.5263157894736843,0,0.0,0,0,0.0,0.0,0,0.0,0,0.0,0,0,0.0,0.0,0,0.0,,0,0,0,0,0.0,,0,0,0,0,0.0,0.0
144,0.0,http://mahagunpmpl.com/signup/confirmuser,6,0,35,0,0.0,0,0,-1,0,mahagunpmpl.com,1,0,14,0,0.0,/signup/confirmuser,2,0,17,0,0.0,,2,0,17,0,0.0,0,0.0,0,0,0.0,0.0,0,0.0,0,0.0,0,0,0.0,0.0,0,0.0,,0,0,0,0,0.0,,0,0,0,0,0.0,0.0
145,0.0,http://tecnoclima-ar.com/www.linkedin/Linkedin1,8,1,38,0,0.02631578947368421,0,0,-1,0,tecnoclima-ar.com,2,0,15,0,0.0,/www.linkedin/Linkedin1,3,1,19,0,0.05263157894736842,,3,1,19,0,0.05263157894736842,0,0.0,0,0,0.0,0.0,0,0.0,0,0.0,0,0,0.0,0.0,0,0.0,,0,0,0,0,0.0,,0,0,0,0,0.0,0.0
146,0.0,http://www.mncssssssssssssk.byethost8.com/EQT5est/,8,2,40,0,0.05,0,0,-1,0,www.mncssssssssssssk.byethost8.com,3,1,30,0,0.03333333333333333,/EQT5est/,2,1,6,0,0.16666666666666666,,2,1,6,0,0.16666666666666666,0,0.0,0,0,0.0,0.0,0,0.0,0,0.0,0,0,0.0,0.0,0,0.0,,0,0,0,0,0.0,,0,0,0,0,0.0,0.0
147,0.0,http://www.actontheprinciples.com/js/,7,0,30,0,0.0,0,0,-1,0,www.actontheprinciples.com,2,0,24,0,0.0,/js/,2,0,2,0,0.0,,2,0,2,0,0.0,0,0.0,0,0,0.0,0.0,0,0.0,0,0.0,0,0,0.0,0.0,0,0.0,,0,0,0,0,0.0,,0,0,0,0,0.0,0.0
148,0.0,http://icloud-maps-ns.com/Espanol/?iphone=iGF06Vg,10,2,37,0,0.05405405405405406,0,0,-1,0,icloud-maps-ns.com,3,0,15,0,0.0,/Espanol/,2,0,7,0,0.0,iphone=iGF06Vg,2,0,7,0,0.0,6,6.0,6,6,0.0,6.0,0,0.0,7,7.0,7,5,2.0,5.0,0,0.0,,0,0,0,0,0.0,,0,0,0,0,0.0,0.0
149,0.0,https://icloud-maps-ns.com/Espanol/?iphone=iGF06Vg,10,2,38,0,0.05263157894736842,0,1,-1,0,icloud-maps-ns.com,3,0,15,0,0.0,/Espanol/,2,0,7,0,0.0,iphone=iGF06Vg,2,0,7,0,0.0,6,6.0,6,6,0.0,6.0,0,0.0,7,7.0,7,5,2.0,5.0,0,0.0,,0,0,0,0,0.0,,0,0,0,0,0.0,0.0
150,0.0,https://icloud-maps-ns.com/Espanol/index2.php?iphone=iGF06Vg&auth=,12,3,50,0,0.06,0,1,-1,0,icloud-maps-ns.com,3,0,15,0,0.0,/Espanol/index2.php,3,1,15,0,0.06666666666666667,iphone=iGF06Vg&auth=,3,1,15,0,0.06666666666666667,6,6.0,6,6,0.0,6.0,0,0.0,7,7.0,7,5,2.0,5.0,0,0.0,,0,0,0,0,0.0,php,0,0,3,0,0.0,0.0
151,0.0,http://lcloud-ilogin.com/Espanol/?iphone=C83LgGb,9,2,37,0,0.05405405405405406,0,0,-1,0,lcloud-ilogin.com,2,0,15,0,0.0,/Espanol/,2,0,7,0,0.0,iphone=C83LgGb,2,0,7,0,0.0,6,6.0,6,6,0.0,6.0,0,0.0,7,7.0,7,5,2.0,5.0,0,0.0,,0,0,0,0,0.0,,0,0,0,0,0.0,0.0
152,0.0,https://icloud-dev-sa.com/Espanol/?iphone=C83LgGb,10,2,37,0,0.05405405405405406,0,1,-1,0,icloud-dev-sa.com,3,0,14,0,0.0,/Espanol/,2,0,7,0,0.0,iphone=C83LgGb,2,0,7,0,0.0,6,6.0,6,6,0.0,6.0,0,0.0,7,7.0,7,5,2.0,5.0,0,0.0,,0,0,0,0,0.0,,0,0,0,0,0.0,0.0
153,0.0,https://app-icloud-ld.com/Espanol/index2.php?iphone=C83LgGb&auth=,12,3,49,0,0.061224489795918366,0,1,-1,0,app-icloud-ld.com,3,0,14,0,0.0,/Espanol/index2.php,3,1,15,0,0.06666666666666667,iphone=C83LgGb&auth=,3,1,15,0,0.06666666666666667,6,6.0,6,6,0.0,6.0,0,0.0,7,7.0,7,5,2.0,5.0,0,0.0,,0,0,0,0,0.0,php,0,0,3,0,0.0,0.0
154,0.0,http://icloud-dev-sa.com/Espanol/?iphone=C83LgGb,10,2,36,0,0.05555555555555555,0,0,-1,0,icloud-dev-sa.com,3,0,14,0,0.0,/Espanol/,2,0,7,0,0.0,iphone=C83LgGb,2,0,7,0,0.0,6,6.0,6,6,0.0,6.0,0,0.0,7,7.0,7,5,2.0,5.0,0,0.0,,0,0,0,0,0.0,,0,0,0,0,0.0,0.0
155,0.0,https://icloud-dev-sa.com/Espanol/index2.php?iphone=C83LgGb&auth=,12,3,49,0,0.061224489795918366,0,1,-1,0,icloud-dev-sa.com,3,0,14,0,0.0,/Espanol/index2.php,3,1,15,0,0.06666666666666667,iphone=C83LgGb&auth=,3,1,15,0,0.06666666666666667,6,6.0,6,6,0.0,6.0,0,0.0,7,7.0,7,5,2.0,5.0,0,0.0,,0,0,0,0,0.0,php,0,0,3,0,0.0,0.0
156,0.0,https://icloud-dev-rs.com/Espanol/index2.php?iphone=C83LgGb&auth=,12,3,49,0,0.061224489795918366,0,1,-1,0,icloud-dev-rs.com,3,0,14,0,0.0,/Espanol/index2.php,3,1,15,0,0.06666666666666667,iphone=C83LgGb&auth=,3,1,15,0,0.06666666666666667,6,6.0,6,6,0.0,6.0,0,0.0,7,7.0,7,5,2.0,5.0,0,0.0,,0,0,0,0,0.0,php,0,0,3,0,0.0,0.0
157,0.0,https://icloud-dev-rs.com/Espanol/?iphone=C83LgGb,10,2,37,0,0.05405405405405406,0,1,-1,0,icloud-dev-rs.com,3,0,14,0,0.0,/Espanol/,2,0,7,0,0.0,iphone=C83LgGb,2,0,7,0,0.0,6,6.0,6,6,0.0,6.0,0,0.0,7,7.0,7,5,2.0,5.0,0,0.0,,0,0,0,0,0.0,,0,0,0,0,0.0,0.0
158,0.0,https://app-icloud-ld.com/Espanol/?iphone=C83LgGb,10,2,37,0,0.05405405405405406,0,1,-1,0,app-icloud-ld.com,3,0,14,0,0.0,/Espanol/,2,0,7,0,0.0,iphone=C83LgGb,2,0,7,0,0.0,6,6.0,6,6,0.0,6.0,0,0.0,7,7.0,7,5,2.0,5.0,0,0.0,,0,0,0,0,0.0,,0,0,0,0,0.0,0.0
159,0.0,https://appleid.helps-login.us/fmi/?ID=5760,10,4,29,0,0.13793103448275862,0,1,-1,0,appleid.helps-login.us,3,0,19,0,0.0,/fmi/,2,0,3,0,0.0,ID=5760,2,0,3,0,0.0,2,2.0,2,2,0.0,2.0,0,0.0,4,4.0,4,0,4.0,0.0,0,0.0,,0,0,0,0,0.0,,0,0,0,0,0.0,0.0
160,0.0,https://appleid.helps-login.us/fmi/find/index.php?ID=5760&auth=,13,4,45,0,0.08888888888888889,0,1,-1,0,appleid.helps-login.us,3,0,19,0,0.0,/fmi/find/index.php,4,0,15,0,0.0,ID=5760&auth=,4,0,15,0,0.0,2,2.0,2,2,0.0,2.0,0,0.0,4,4.0,4,0,4.0,0.0,0,0.0,,0,0,0,0,0.0,php,0,0,3,0,0.0,0.0
161,0.0,https://alisonwilkinson.net/tanmergo/,6,0,31,0,0.0,0,1,-1,0,alisonwilkinson.net,1,0,18,0,0.0,/tanmergo/,2,0,8,0,0.0,,2,0,8,0,0.0,0,0.0,0,0,0.0,0.0,0,0.0,0,0.0,0,0,0.0,0.0,0,0.0,,0,0,0,0,0.0,,0,0,0,0,0.0,0.0
162,0.0,https://www.tubetorial.com/wp-content/plugins/freedom/bb/index.php,12,0,54,0,0.0,0,1,-1,0,www.tubetorial.com,2,0,16,0,0.0,/wp-content/plugins/freedom/bb/index.php,7,0,33,0,0.0,,7,0,33,0,0.0,0,0.0,0,0,0.0,0.0,0,0.0,0,0.0,0,0,0.0,0.0,0,0.0,,0,0,0,0,0.0,php,0,0,3,0,0.0,0.0
163,0.0,https://signsolutions.org.in/skin/att/index.html,9,0,39,0,0.0,0,1,-1,0,signsolutions.org.in,2,0,18,0,0.0,/skin/att/index.html,4,0,16,0,0.0,,4,0,16,0,0.0,0,0.0,0,0,0.0,0.0,0,0.0,0,0.0,0,0,0.0,0.0,0,0.0,,0,0,0,0,0.0,html,0,0,4,0,0.0,0.0
164,0.0,http://www.boehmtrack.icu/A/FBG/,8,0,24,0,0.0,0,0,-1,0,www.boehmtrack.icu,2,0,16,0,0.0,/A/FBG/,3,0,4,0,0.0,,3,0,4,0,0.0,0,0.0,0,0,0.0,0.0,0,0.0,0,0.0,0,0,0.0,0.0,0,0.0,,0,0,0,0,0.0,,0,0,0,0,0.0,0.0
165,0.0,https://pharmacieducarrousel.com/eBay.signin.de.eBysignin,8,0,49,0,0.0,0,1,-1,0,pharmacieducarrousel.com,1,0,23,0,0.0,/eBay.signin.de.eBysignin,4,0,21,0,0.0,,4,0,21,0,0.0,0,0.0,0,0,0.0,0.0,0,0.0,0,0.0,0,0,0.0,0.0,0,0.0,,0,0,0,0,0.0,eBysignin,0,0,9,0,0.0,0.0
166,0.0,https://pearlfever.ca/wp-content/neslso/morgan/step2.php,10,1,45,0,0.022222222222222223,0,1,-1,0,pearlfever.ca,1,0,12,0,0.0,/wp-content/neslso/morgan/step2.php,6,1,28,0,0.03571428571428571,,6,1,28,0,0.03571428571428571,0,0.0,0,0,0.0,0.0,0,0.0,0,0.0,0,0,0.0,0.0,0,0.0,,0,0,0,0,0.0,php,0,0,3,0,0.0,0.0
167,0.0,https://pearlfever.ca/wp-content/neslso/morgan/emalpas.php?cmd=login_submit&id=$praga$praga&session=$praga$praga,15,0,91,0,0.0,0,1,-1,0,pearlfever.ca,1,0,12,0,0.0,/wp-content/neslso/morgan/emalpas.php,6,0,31,0,0.0,cmd=login_submit&id=$praga$praga&session=$praga$praga,6,0,31,0,0.0,12,4.0,7,12,0.0,4.0,0,0.0,36,12.0,12,31,0.0,10.333333333333334,0,0.0,,0,0,0,0,0.0,php,0,0,3,0,0.0,0.0
168,0.0,https://pearlfever.ca/wp-content/neslso/morgan/connecting.php,10,0,51,0,0.0,0,1,-1,0,pearlfever.ca,1,0,12,0,0.0,/wp-content/neslso/morgan/connecting.php,6,0,34,0,0.0,,6,0,34,0,0.0,0,0.0,0,0,0.0,0.0,0,0.0,0,0.0,0,0,0.0,0.0,0,0.0,,0,0,0,0,0.0,php,0,0,3,0,0.0,0.0
169,0.0,https://pearlfever.ca/wp-content/neslso/morgan/emalpas_error.php,11,0,53,0,0.0,0,1,-1,0,pearlfever.ca,1,0,12,0,0.0,/wp-content/neslso/morgan/emalpas_error.php,7,0,36,0,0.0,,7,0,36,0,0.0,0,0.0,0,0,0.0,0.0,0,0.0,0,0.0,0,0,0.0,0.0,0,0.0,,0,0,0,0,0.0,php,0,0,3,0,0.0,0.0
170,0.0,https://therapedicdirect.com/crlink/emalpas_error.php,8,0,45,0,0.0,0,1,-1,0,therapedicdirect.com,1,0,19,0,0.0,/crlink/emalpas_error.php,4,0,21,0,0.0,,4,0,21,0,0.0,0,0.0,0,0,0.0,0.0,0,0.0,0,0.0,0,0,0.0,0.0,0,0.0,,0,0,0,0,0.0,php,0,0,3,0,0.0,0.0
171,0.0,https://myafribusiness.com/css/worldpadoo/emalpas_error.php,9,0,50,0,0.0,0,1,-1,0,myafribusiness.com,1,0,17,0,0.0,/css/worldpadoo/emalpas_error.php,5,0,28,0,0.0,,5,0,28,0,0.0,0,0.0,0,0,0.0,0.0,0,0.0,0,0.0,0,0,0.0,0.0,0,0.0,,0,0,0,0,0.0,php,0,0,3,0,0.0,0.0
172,0.0,https://myafribusiness.com/css/worldpadoo/step2.php,8,1,42,0,0.023809523809523808,0,1,-1,0,myafribusiness.com,1,0,17,0,0.0,/css/worldpadoo/step2.php,4,1,20,0,0.05,,4,1,20,0,0.05,0,0.0,0,0,0.0,0.0,0,0.0,0,0.0,0,0,0.0,0.0,0,0.0,,0,0,0,0,0.0,php,0,0,3,0,0.0,0.0
173,0.0,https://therapedicdirect.com/crlink/step2.php,7,1,37,0,0.02702702702702703,0,1,-1,0,therapedicdirect.com,1,0,19,0,0.0,/crlink/step2.php,3,1,13,0,0.07692307692307693,,3,1,13,0,0.07692307692307693,0,0.0,0,0,0.0,0.0,0,0.0,0,0.0,0,0,0.0,0.0,0,0.0,,0,0,0,0,0.0,php,0,0,3,0,0.0,0.0
174,0.0,http://harmonie-durchhausen.de/well/verify.html,8,0,39,0,0.0,0,0,-1,0,harmonie-durchhausen.de,2,0,21,0,0.0,/well/verify.html,3,0,14,0,0.0,,3,0,14,0,0.0,0,0.0,0,0,0.0,0.0,0,0.0,0,0.0,0,0,0.0,0.0,0,0.0,,0,0,0,0,0.0,html,0,0,4,0,0.0,0.0
175,0.0,https://account-update.amazon.co.jp.anazomsdjhjsa42sca32sdc.icu/,10,4,50,0,0.08,0,1,-1,0,account-update.amazon.co.jp.anazomsdjhjsa42sca32sdc.icu,6,4,45,0,0.08888888888888889,/,1,0,0,0,0.0,,1,0,0,0,0.0,0,0.0,0,0,0.0,0.0,0,0.0,0,0.0,0,0,0.0,0.0,0,0.0,,0,0,0,0,0.0,,0,0,0,0,0.0,0.0
176,0.0,https://myafribusiness.com/css/worldpadoo/emalpas.php?cmd=login_submit&id=$praga$praga&session=$praga$praga,13,0,88,0,0.0,0,1,-1,0,myafribusiness.com,1,0,17,0,0.0,/css/worldpadoo/emalpas.php,4,0,23,0,0.0,cmd=login_submit&id=$praga$praga&session=$praga$praga,4,0,23,0,0.0,12,4.0,7,12,0.0,4.0,0,0.0,36,12.0,12,31,0.0,10.333333333333334,0,0.0,,0,0,0,0,0.0,php,0,0,3,0,0.0,0.0
177,0.0,https://amazon.account-update.amazon.co.jp.anazomsdjhjsa42sca32sdc.icu/,11,4,56,0,0.07142857142857142,0,1,-1,0,amazon.account-update.amazon.co.jp.anazomsdjhjsa42sca32sdc.icu,7,4,51,0,0.0784313725490196,/,1,0,0,0,0.0,,1,0,0,0,0.0,0,0.0,0,0,0.0,0.0,0,0.0,0,0.0,0,0,0.0,0.0,0,0.0,,0,0,0,0,0.0,,0,0,0,0,0.0,0.0
178,0.0,https://mysocialevents.com/gfhbjnknjhgv/emalpas.php?cmd=login_submit&id=$praga$praga&session=$praga$praga,12,0,87,0,0.0,0,1,-1,0,mysocialevents.com,1,0,17,0,0.0,/gfhbjnknjhgv/emalpas.php,3,0,22,0,0.0,cmd=login_submit&id=$praga$praga&session=$praga$praga,3,0,22,0,0.0,12,4.0,7,12,0.0,4.0,0,0.0,36,12.0,12,31,0.0,10.333333333333334,0,0.0,,0,0,0,0,0.0,php,0,0,3,0,0.0,0.0
179,0.0,https://therapedicdirect.com/crlink/emalpas.php?cmd=login_submit&id=$praga$praga&session=$praga$praga,12,0,83,0,0.0,0,1,-1,0,therapedicdirect.com,1,0,19,0,0.0,/crlink/emalpas.php,3,0,16,0,0.0,cmd=login_submit&id=$praga$praga&session=$praga$praga,3,0,16,0,0.0,12,4.0,7,12,0.0,4.0,0,0.0,36,12.0,12,31,0.0,10.333333333333334,0,0.0,,0,0,0,0,0.0,php,0,0,3,0,0.0,0.0
180,0.0,https://mcoaccountants.com/xcvbn/emalpas_error.php,8,0,42,0,0.0,0,1,-1,0,mcoaccountants.com,1,0,17,0,0.0,/xcvbn/emalpas_error.php,4,0,20,0,0.0,,4,0,20,0,0.0,0,0.0,0,0,0.0,0.0,0,0.0,0,0.0,0,0,0.0,0.0,0,0.0,,0,0,0,0,0.0,php,0,0,3,0,0.0,0.0
181,0.0,https://mcoaccountants.com/xcvbn/step2.php,7,1,34,0,0.029411764705882353,0,1,-1,0,mcoaccountants.com,1,0,17,0,0.0,/xcvbn/step2.php,3,1,12,0,0.08333333333333333,,3,1,12,0,0.08333333333333333,0,0.0,0,0,0.0,0.0,0,0.0,0,0.0,0,0,0.0,0.0,0,0.0,,0,0,0,0,0.0,php,0,0,3,0,0.0,0.0
182,0.0,https://mcoaccountants.com/xcvbn/emalpas.php?cmd=login_submit&id=$praga$praga&session=$praga$praga,12,0,80,0,0.0,0,1,-1,0,mcoaccountants.com,1,0,17,0,0.0,/xcvbn/emalpas.php,3,0,15,0,0.0,cmd=login_submit&id=$praga$praga&session=$praga$praga,3,0,15,0,0.0,12,4.0,7,12,0.0,4.0,0,0.0,36,12.0,12,31,0.0,10.333333333333334,0,0.0,,0,0,0,0,0.0,php,0,0,3,0,0.0,0.0
183,0.0,http://vegomega.in/secureaccount/07ef090c8967ed3d5fae1166a1dc0602/login.php,8,20,47,0,0.425531914893617,0,0,-1,0,vegomega.in,1,0,10,0,0.0,/secureaccount/07ef090c8967ed3d5fae1166a1dc0602/login.php,4,20,33,0,0.6060606060606061,,4,20,33,0,0.6060606060606061,0,0.0,0,0,0.0,0.0,0,0.0,0,0.0,0,0,0.0,0.0,0,0.0,,0,0,0,0,0.0,php,0,0,3,0,0.0,0.0
184,0.0,http://vegomega.in/secureaccount/07ef090c8967ed3d5fae1166a1dc0602/action.php?cmd=login_submit&id=4716f44adf7139f58e3bb82d30df2ffd4716f44adf7139f58e3bb82d30df2ffd&session=4716f44adf7139f58e3bb82d30df2ffd4716f44adf7139f58e3bb82d30df2ffd,13,92,127,0,0.7244094488188977,0,0,-1,0,vegomega.in,1,0,10,0,0.0,/secureaccount/07ef090c8967ed3d5fae1166a1dc0602/action.php,4,20,34,0,0.5882352941176471,cmd=login_submit&id=4716f44adf7139f58e3bb82d30df2ffd4716f44adf7139f58e3bb82d30df2ffd&session=4716f44adf7139f58e3bb82d30df2ffd4716f44adf7139f58e3bb82d30df2ffd,4,20,34,0,0.5882352941176471,12,4.0,7,12,0.0,4.0,0,0.0,140,46.666666666666664,64,67,24.0,22.333333333333332,0,0.0,,0,0,0,0,0.0,php,0,0,3,0,0.0,0.0
185,0.0,http://vegomega.in/secureaccount/07ef090c8967ed3d5fae1166a1dc0602/action2.php?cmd=login_submit&id=0ba4761b10340af5ed3f3dc5a3f5c43d0ba4761b10340af5ed3f3dc5a3f5c43d&session=0ba4761b10340af5ed3f3dc5a3f5c43d0ba4761b10340af5ed3f3dc5a3f5c43d,13,93,127,0,0.7322834645669292,0,0,-1,0,vegomega.in,1,0,10,0,0.0,/secureaccount/07ef090c8967ed3d5fae1166a1dc0602/action2.php,4,21,34,0,0.6176470588235294,cmd=login_submit&id=0ba4761b10340af5ed3f3dc5a3f5c43d0ba4761b10340af5ed3f3dc5a3f5c43d&session=0ba4761b10340af5ed3f3dc5a3f5c43d0ba4761b10340af5ed3f3dc5a3f5c43d,4,21,34,0,0.6176470588235294,12,4.0,7,12,0.0,4.0,0,0.0,140,46.666666666666664,64,67,24.0,22.333333333333332,0,0.0,,0,0,0,0,0.0,php,0,0,3,0,0.0,0.0
186,0.0,http://vegomega.in/secureaccount/07ef090c8967ed3d5fae1166a1dc0602/index1.php?cmd=login_submit&id=de6254baf636df1ce298db09a344d616de6254baf636df1ce298db09a344d616&session=de6254baf636df1ce298db09a344d616de6254baf636df1ce298db09a344d616,13,97,122,0,0.7950819672131147,0,0,-1,0,vegomega.in,1,0,10,0,0.0,/secureaccount/07ef090c8967ed3d5fae1166a1dc0602/index1.php,4,21,33,0,0.6363636363636364,cmd=login_submit&id=de6254baf636df1ce298db09a344d616de6254baf636df1ce298db09a344d616&session=de6254baf636df1ce298db09a344d616de6254baf636df1ce298db09a344d616,4,21,33,0,0.6363636363636364,12,4.0,7,12,0.0,4.0,0,0.0,140,46.666666666666664,64,63,25.333333333333332,21.0,0,0.0,,0,0,0,0,0.0,php,0,0,3,0,0.0,0.0
187,0.0,http://vegomega.in/secureaccount/07ef090c8967ed3d5fae1166a1dc0602/action.php,8,20,48,0,0.4166666666666667,0,0,-1,0,vegomega.in,1,0,10,0,0.0,/secureaccount/07ef090c8967ed3d5fae1166a1dc0602/action.php,4,20,34,0,0.5882352941176471,,4,20,34,0,0.5882352941176471,0,0.0,0,0,0.0,0.0,0,0.0,0,0.0,0,0,0.0,0.0,0,0.0,,0,0,0,0,0.0,php,0,0,3,0,0.0,0.0
188,0.0,http://vegomega.in/secureaccount/07ef090c8967ed3d5fae1166a1dc0602/action2.php?cmd=login_submit&id=46d93f8dde0bc12495ddf392998e8b5746d93f8dde0bc12495ddf392998e8b57&session=46d93f8dde0bc12495ddf392998e8b5746d93f8dde0bc12495ddf392998e8b57,13,101,119,0,0.8487394957983193,0,0,-1,0,vegomega.in,1,0,10,0,0.0,/secureaccount/07ef090c8967ed3d5fae1166a1dc0602/action2.php,4,21,34,0,0.6176470588235294,cmd=login_submit&id=46d93f8dde0bc12495ddf392998e8b5746d93f8dde0bc12495ddf392998e8b57&session=46d93f8dde0bc12495ddf392998e8b5746d93f8dde0bc12495ddf392998e8b57,4,21,34,0,0.6176470588235294,12,4.0,7,12,0.0,4.0,0,0.0,140,46.666666666666664,64,59,26.666666666666668,19.666666666666668,0,0.0,,0,0,0,0,0.0,php,0,0,3,0,0.0,0.0
189,0.0,http://vegomega.in/secureaccount/07ef090c8967ed3d5fae1166a1dc0602/index1.php?cmd=login_submit&id=62359e5562a57284c53bf68c28e7c7bb62359e5562a57284c53bf68c28e7c7bb&session=62359e5562a57284c53bf68c28e7c7bb62359e5562a57284c53bf68c28e7c7bb,13,109,110,0,0.990909090909091,0,0,-1,0,vegomega.in,1,0,10,0,0.0,/secureaccount/07ef090c8967ed3d5fae1166a1dc0602/index1.php,4,21,33,0,0.6363636363636364,cmd=login_submit&id=62359e5562a57284c53bf68c28e7c7bb62359e5562a57284c53bf68c28e7c7bb&session=62359e5562a57284c53bf68c28e7c7bb62359e5562a57284c53bf68c28e7c7bb,4,21,33,0,0.6363636363636364,12,4.0,7,12,0.0,4.0,0,0.0,140,46.666666666666664,64,51,29.333333333333332,17.0,0,0.0,,0,0,0,0,0.0,php,0,0,3,0,0.0,0.0
190,0.0,http://turkialsabah.com/outlook/56yu7/login.php,8,3,36,0,0.08333333333333333,0,0,-1,0,turkialsabah.com,1,0,15,0,0.0,/outlook/56yu7/login.php,4,3,17,0,0.17647058823529413,,4,3,17,0,0.17647058823529413,0,0.0,0,0,0.0,0.0,0,0.0,0,0.0,0,0,0.0,0.0,0,0.0,,0,0,0,0,0.0,php,0,0,3,0,0.0,0.0
191,0.0,http://vegomega.in/secureaccount/07ef090c8967ed3d5fae1166a1dc0602/action2.php,8,21,48,0,0.4375,0,0,-1,0,vegomega.in,1,0,10,0,0.0,/secureaccount/07ef090c8967ed3d5fae1166a1dc0602/action2.php,4,21,34,0,0.6176470588235294,,4,21,34,0,0.6176470588235294,0,0.0,0,0,0.0,0.0,0,0.0,0,0.0,0,0,0.0,0.0,0,0.0,,0,0,0,0,0.0,php,0,0,3,0,0.0,0.0
192,0.0,http://vegomega.in/secureaccount/07ef090c8967ed3d5fae1166a1dc0602/index1.php?cmd=login_submit&id=858036dca953e17d5be24454002c85cd858036dca953e17d5be24454002c85cd&session=858036dca953e17d5be24454002c85cd858036dca953e17d5be24454002c85cd,13,109,110,0,0.990909090909091,0,0,-1,0,vegomega.in,1,0,10,0,0.0,/secureaccount/07ef090c8967ed3d5fae1166a1dc0602/index1.php,4,21,33,0,0.6363636363636364,cmd=login_submit&id=858036dca953e17d5be24454002c85cd858036dca953e17d5be24454002c85cd&session=858036dca953e17d5be24454002c85cd858036dca953e17d5be24454002c85cd,4,21,33,0,0.6363636363636364,12,4.0,7,12,0.0,4.0,0,0.0,140,46.666666666666664,64,51,29.333333333333332,17.0,0,0.0,,0,0,0,0,0.0,php,0,0,3,0,0.0,0.0
193,0.0,http://www.scouama.com/gox-lpm/,8,0,23,0,0.0,0,0,-1,0,www.scouama.com,2,0,13,0,0.0,/gox-lpm/,3,0,6,0,0.0,,3,0,6,0,0.0,0,0.0,0,0,0.0,0.0,0,0.0,0,0.0,0,0,0.0,0.0,0,0.0,,0,0,0,0,0.0,,0,0,0,0,0.0,0.0
194,0.0,https://syazwan.ml.my/wp-includes/mogjt/Chasewithemail/login.php,11,0,53,0,0.0,0,1,-1,0,syazwan.ml.my,2,0,11,0,0.0,/wp-includes/mogjt/Chasewithemail/login.php,6,0,37,0,0.0,,6,0,37,0,0.0,0,0.0,0,0,0.0,0.0,0,0.0,0,0.0,0,0,0.0,0.0,0,0.0,,0,0,0,0,0.0,php,0,0,3,0,0.0,0.0
195,0.0,http://hmrc.gov.start-reclaim.com/,8,0,26,0,0.0,0,0,-1,0,hmrc.gov.start-reclaim.com,4,0,22,0,0.0,/,1,0,0,0,0.0,,1,0,0,0,0.0,0,0.0,0,0,0.0,0.0,0,0.0,0,0.0,0,0,0.0,0.0,0,0.0,,0,0,0,0,0.0,,0,0,0,0,0.0,0.0
196,0.0,https://therapedicdirect.com/crlink/home.php?public/enroll/IdentifyUser-aspx-LOB=RBGLogon=MTIyNTE5NDQxOA==MTIyNTE5NDQxOA==&session=MTIyNTE5NDQxOA==MTIyNTE5NDQxOA==,23,4,135,0,0.02962962962962963,0,1,-1,0,therapedicdirect.com,1,0,19,0,0.0,/crlink/home.php,3,0,13,0,0.0,public/enroll/IdentifyUser-aspx-LOB=RBGLogon=MTIyNTE5NDQxOA==MTIyNTE5NDQxOA==&session=MTIyNTE5NDQxOA==MTIyNTE5NDQxOA==,3,0,13,0,0.0,42,21.0,35,38,0.0,19.0,0,0.0,73,36.5,41,60,2.0,30.0,0,0.0,,0,0,0,0,0.0,php,0,0,3,0,0.0,0.0
197,0.0,https://www.rabobank.iban-controle.com/klanten/qsl_inloggen.do,11,0,51,0,0.0,0,1,-1,0,www.rabobank.iban-controle.com,4,0,26,0,0.0,/klanten/qsl_inloggen.do,4,0,20,0,0.0,,4,0,20,0,0.0,0,0.0,0,0,0.0,0.0,0,0.0,0,0.0,0,0,0.0,0.0,0,0.0,,0,0,0,0,0.0,do,0,0,2,0,0.0,0.0
198,0.0,http://en.rmu.ac.th/2562/wp-content/plugins/resgate/smiles/,13,4,42,0,0.09523809523809523,0,0,-1,0,en.rmu.ac.th,3,0,9,0,0.0,/2562/wp-content/plugins/resgate/smiles/,7,4,29,0,0.13793103448275862,,7,4,29,0,0.13793103448275862,0,0.0,0,0,0.0,0.0,0,0.0,0,0.0,0,0,0.0,0.0,0,0.0,,0,0,0,0,0.0,,0,0,0,0,0.0,0.0
199,0.0,https://mcoaccountants.com/xcvbn/home.php?public/enroll/IdentifyUser-aspx-LOB=RBGLogon=MTY3MTUzMDE3Nw==MTY3MTUzMDE3Nw==&session=MTY3MTUzMDE3Nw==MTY3MTUzMDE3Nw==,23,8,128,0,0.0625,0,1,-1,0,mcoaccountants.com,1,0,17,0,0.0,/xcvbn/home.php,3,0,12,0,0.0,public/enroll/IdentifyUser-aspx-LOB=RBGLogon=MTY3MTUzMDE3Nw==MTY3MTUzMDE3Nw==&session=MTY3MTUzMDE3Nw==MTY3MTUzMDE3Nw==,3,0,12,0,0.0,42,21.0,35,38,0.0,19.0,0,0.0,73,36.5,41,56,4.0,28.0,0,0.0,,0,0,0,0,0.0,php,0,0,3,0,0.0,0.0
200,0.0,http://www.paokworld.com/administrator/ZA199283/login/,9,6,39,0,0.15384615384615385,0,0,-1,0,www.paokworld.com,2,0,15,0,0.0,/administrator/ZA199283/login/,4,6,20,0,0.3,,4,6,20,0,0.3,0,0.0,0,0,0.0,0.0,0,0.0,0,0.0,0,0,0.0,0.0,0,0.0,,0,0,0,0,0.0,,0,0,0,0,0.0,0.0
201,0.0,http://nijen-maut.web.app/,7,0,19,0,0.0,0,0,-1,0,nijen-maut.web.app,3,0,15,0,0.0,/,1,0,0,0,0.0,,1,0,0,0,0.0,0,0.0,0,0,0.0,0.0,0,0.0,0,0.0,0,0,0.0,0.0,0,0.0,,0,0,0,0,0.0,,0,0,0,0,0.0,0.0
202,0.0,http://www.danalphasurf.freesite.host/,7,0,31,0,0.0,0,0,-1,0,www.danalphasurf.freesite.host,3,0,27,0,0.0,/,1,0,0,0,0.0,,1,0,0,0,0.0,0,0.0,0,0,0.0,0.0,0,0.0,0,0.0,0,0,0.0,0.0,0,0.0,,0,0,0,0,0.0,,0,0,0,0,0.0,0.0
203,0.0,http://www.sjpseattle.com/wp-includes/po/Postf/financ/,11,0,43,0,0.0,0,0,-1,0,www.sjpseattle.com,2,0,16,0,0.0,/wp-includes/po/Postf/financ/,6,0,23,0,0.0,,6,0,23,0,0.0,0,0.0,0,0,0.0,0.0,0,0.0,0,0.0,0,0,0.0,0.0,0,0.0,,0,0,0,0,0.0,,0,0,0,0,0.0,0.0
204,0.0,http://www.sjpseattle.com/wp-includes/ppp/,9,0,33,0,0.0,0,0,-1,0,www.sjpseattle.com,2,0,16,0,0.0,/wp-includes/ppp/,4,0,13,0,0.0,,4,0,13,0,0.0,0,0.0,0,0,0.0,0.0,0,0.0,0,0.0,0,0,0.0,0.0,0,0.0,,0,0,0,0,0.0,,0,0,0,0,0.0,0.0
205,0.0,http://www.leavenworthrental.com/wp-admin/js/Swisscom/44/login.php,12,2,52,0,0.038461538461538464,0,0,-1,0,www.leavenworthrental.com,2,0,23,0,0.0,/wp-admin/js/Swisscom/44/login.php,7,2,25,0,0.08,,7,2,25,0,0.08,0,0.0,0,0,0.0,0.0,0,0.0,0,0.0,0,0,0.0,0.0,0,0.0,,0,0,0,0,0.0,php,0,0,3,0,0.0,0.0
206,0.0,http://kirishima-shoten.com/securedmicor/v4/cmd-login=fc57e7f7e3afa9af443c1aabe31bde5e/?email=d2hpdg5les5hlmnsyxjllwjyzxr0qgnvbm9jb3boawxsaxbzlmnvbq==&loginpage=&reff=mzjkymfjyjaymtlkntfjogfjyznmyji3zmq2ntq4n2q=,18,24,167,0,0.1437125748502994,0,0,-1,0,kirishima-shoten.com,2,0,18,0,0.0,/securedmicor/v4/cmd-login=fc57e7f7e3afa9af443c1aabe31bde5e/,6,14,40,0,0.35,email=d2hpdg5les5hlmnsyxjllwjyzxr0qgnvbm9jb3boawxsaxbzlmnvbq==&loginpage=&reff=mzjkymfjyjaymtlkntfjogfjyznmyji3zmq2ntq4n2q=,6,14,40,0,0.35,9,4.5,5,9,0.0,4.5,0,0.0,100,50.0,56,87,5.0,43.5,0,0.0,,0,0,0,0,0.0,,0,0,0,0,0.0,0.0
207,0.0,https://lovecrushweddings.com/OneNote/dell/login.php,8,0,44,0,0.0,0,1,-1,0,lovecrushweddings.com,1,0,20,0,0.0,/OneNote/dell/login.php,4,0,19,0,0.0,,4,0,19,0,0.0,0,0.0,0,0,0.0,0.0,0,0.0,0,0.0,0,0,0.0,0.0,0,0.0,,0,0,0,0,0.0,php,0,0,3,0,0.0,0.0
208,0.0,https://colegiosanmiguel.cl/ki/ik/ks/demail.php,9,0,38,0,0.0,0,1,-1,0,colegiosanmiguel.cl,1,0,18,0,0.0,/ki/ik/ks/demail.php,5,0,15,0,0.0,,5,0,15,0,0.0,0,0.0,0,0,0.0,0.0,0,0.0,0,0.0,0,0,0.0,0.0,0,0.0,,0,0,0,0,0.0,php,0,0,3,0,0.0,0.0
209,0.0,https://protinexclusiv.com/store/Exkorr/loading,7,0,40,0,0.0,0,1,-1,0,protinexclusiv.com,1,0,17,0,0.0,/store/Exkorr/loading,3,0,18,0,0.0,,3,0,18,0,0.0,0,0.0,0,0,0.0,0.0,0,0.0,0,0.0,0,0,0.0,0.0,0,0.0,,0,0,0,0,0.0,,0,0,0,0,0.0,0.0
210,0.0,http://lacantinadialeco.it/css/usaa/www.usaa.com-inet-logon-redirectjsp.ent-logon-redirectjsp.true.auth.inet.ent/info_update/e3406/,23,4,104,0,0.038461538461538464,0,0,-1,0,lacantinadialeco.it,1,0,18,0,0.0,/css/usaa/www.usaa.com-inet-logon-redirectjsp.ent-logon-redirectjsp.true.auth.inet.ent/info_update/e3406/,19,4,82,0,0.04878048780487805,,19,4,82,0,0.04878048780487805,0,0.0,0,0,0.0,0.0,0,0.0,0,0.0,0,0,0.0,0.0,0,0.0,,0,0,0,0,0.0,,0,0,0,0,0.0,0.0
211,0.0,http://lacantinadialeco.it/css/usaa/www.usaa.com-inet-logon-redirectjsp.ent-logon-redirectjsp.true.auth.inet.ent/info_update/e3406/pin.php,24,4,110,0,0.03636363636363636,0,0,-1,0,lacantinadialeco.it,1,0,18,0,0.0,/css/usaa/www.usaa.com-inet-logon-redirectjsp.ent-logon-redirectjsp.true.auth.inet.ent/info_update/e3406/pin.php,20,4,88,0,0.045454545454545456,,20,4,88,0,0.045454545454545456,0,0.0,0,0,0.0,0.0,0,0.0,0,0.0,0,0,0.0,0.0,0,0.0,,0,0,0,0,0.0,php,0,0,3,0,0.0,0.0
212,0.0,http://lacantinadialeco.it/css/usaa/www.usaa.com-inet-logon-redirectjsp.ent-logon-redirectjsp.true.auth.inet.ent/info_update/e3406/question.php,24,4,115,0,0.034782608695652174,0,0,-1,0,lacantinadialeco.it,1,0,18,0,0.0,/css/usaa/www.usaa.com-inet-logon-redirectjsp.ent-logon-redirectjsp.true.auth.inet.ent/info_update/e3406/question.php,20,4,93,0,0.043010752688172046,,20,4,93,0,0.043010752688172046,0,0.0,0,0,0.0,0.0,0,0.0,0,0.0,0,0,0.0,0.0,0,0.0,,0,0,0,0,0.0,php,0,0,3,0,0.0,0.0
213,0.0,http://lacantinadialeco.it/css/usaa/www.usaa.com-inet-logon-redirectjsp.ent-logon-redirectjsp.true.auth.inet.ent/info_update/e3406/email.php,24,4,112,0,0.03571428571428571,0,0,-1,0,lacantinadialeco.it,1,0,18,0,0.0,/css/usaa/www.usaa.com-inet-logon-redirectjsp.ent-logon-redirectjsp.true.auth.inet.ent/info_update/e3406/email.php,20,4,90,0,0.044444444444444446,,20,4,90,0,0.044444444444444446,0,0.0,0,0,0.0,0.0,0,0.0,0,0.0,0,0,0.0,0.0,0,0.0,,0,0,0,0,0.0,php,0,0,3,0,0.0,0.0
214,0.0,http://lacantinadialeco.it/css/usaa/www.usaa.com-inet-logon-redirectjsp.ent-logon-redirectjsp.true.auth.inet.ent/info_update/e3406/email2.php,24,5,112,0,0.044642857142857144,0,0,-1,0,lacantinadialeco.it,1,0,18,0,0.0,/css/usaa/www.usaa.com-inet-logon-redirectjsp.ent-logon-redirectjsp.true.auth.inet.ent/info_update/e3406/email2.php,20,5,90,0,0.05555555555555555,,20,5,90,0,0.05555555555555555,0,0.0,0,0,0.0,0.0,0,0.0,0,0.0,0,0,0.0,0.0,0,0.0,,0,0,0,0,0.0,php,0,0,3,0,0.0,0.0
215,0.0,http://www.viceprince.com.s3-website.us-east-2.amazonaws.com/,13,2,46,0,0.043478260869565216,0,0,-1,0,www.viceprince.com.s3-website.us-east-2.amazonaws.com,9,2,42,0,0.047619047619047616,/,1,0,0,0,0.0,,1,0,0,0,0.0,0,0.0,0,0,0.0,0.0,0,0.0,0,0.0,0,0,0.0,0.0,0,0.0,,0,0,0,0,0.0,,0,0,0,0,0.0,0.0
216,0.0,https://graphictouch.000webhostapp.com/dropbox/main.html,8,3,45,0,0.06666666666666667,0,1,-1,0,graphictouch.000webhostapp.com,2,3,25,0,0.12,/dropbox/main.html,3,0,15,0,0.0,,3,0,15,0,0.0,0,0.0,0,0,0.0,0.0,0,0.0,0,0.0,0,0,0.0,0.0,0,0.0,,0,0,0,0,0.0,html,0,0,4,0,0.0,0.0
217,0.0,https://pearlfever.ca/wp-content/neslso/morgan/home.php?public/enroll/IdentifyUser-aspx-LOB=RBGLogon=MTE4NDk4MDgwMQ==MTE4NDk4MDgwMQ==&session=MTE4NDk4MDgwMQ==MTE4NDk4MDgwMQ==,26,8,139,0,0.05755395683453238,0,1,-1,0,pearlfever.ca,1,0,12,0,0.0,/wp-content/neslso/morgan/home.php,6,0,28,0,0.0,public/enroll/IdentifyUser-aspx-LOB=RBGLogon=MTE4NDk4MDgwMQ==MTE4NDk4MDgwMQ==&session=MTE4NDk4MDgwMQ==MTE4NDk4MDgwMQ==,6,0,28,0,0.0,42,21.0,35,38,0.0,19.0,0,0.0,73,36.5,41,56,4.0,28.0,0,0.0,,0,0,0,0,0.0,php,0,0,3,0,0.0,0.0
218,0.0,http://aktualizacja.jst.pl/mmmg/login.alibaba.com/login.html,11,0,49,0,0.0,0,0,-1,0,aktualizacja.jst.pl,2,0,17,0,0.0,/mmmg/login.alibaba.com/login.html,6,0,28,0,0.0,,6,0,28,0,0.0,0,0.0,0,0,0.0,0.0,0,0.0,0,0.0,0,0,0.0,0.0,0,0.0,,0,0,0,0,0.0,html,0,0,4,0,0.0,0.0
219,0.0,https://frolance.com/wp/,6,0,18,0,0.0,0,1,-1,0,frolance.com,1,0,11,0,0.0,/wp/,2,0,2,0,0.0,,2,0,2,0,0.0,0,0.0,0,0,0.0,0.0,0,0.0,0,0.0,0,0,0.0,0.0,0,0.0,,0,0,0,0,0.0,,0,0,0,0,0.0,0.0
220,0.0,https://join-grupwa18hot.25u.com/,7,4,22,0,0.18181818181818182,0,1,-1,0,join-grupwa18hot.25u.com,3,4,17,0,0.23529411764705882,/,1,0,0,0,0.0,,1,0,0,0,0.0,0,0.0,0,0,0.0,0.0,0,0.0,0,0.0,0,0,0.0,0.0,0,0.0,,0,0,0,0,0.0,,0,0,0,0,0.0,0.0
221,0.0,http://lojaemliquidacaototal.com/Produto/identificacao.php,7,0,51,0,0.0,0,0,-1,0,lojaemliquidacaototal.com,1,0,24,0,0.0,/Produto/identificacao.php,3,0,23,0,0.0,,3,0,23,0,0.0,0,0.0,0,0,0.0,0.0,0,0.0,0,0.0,0,0,0.0,0.0,0,0.0,,0,0,0,0,0.0,php,0,0,3,0,0.0,0.0
222,0.0,https://doioaksncueoam4.ga/wp_admin/domains/mail.aol.com,10,1,45,0,0.022222222222222223,0,1,-1,0,doioaksncueoam4.ga,1,1,16,0,0.0625,/wp_admin/domains/mail.aol.com,6,0,24,0,0.0,,6,0,24,0,0.0,0,0.0,0,0,0.0,0.0,0,0.0,0,0.0,0,0,0.0,0.0,0,0.0,,0,0,0,0,0.0,com,0,0,3,0,0.0,0.0
223,0.0,https://myafribusiness.com/css/worldpadoo/home.php?public/enroll/IdentifyUser-aspx-LOB=RBGLogon=ODc3MjI5MDMxODc3MjI5MDMx&session=ODc3MjI5MDMxODc3MjI5MDMx,16,8,128,0,0.0625,0,1,-1,0,myafribusiness.com,1,0,17,0,0.0,/css/worldpadoo/home.php,4,0,20,0,0.0,public/enroll/IdentifyUser-aspx-LOB=RBGLogon=ODc3MjI5MDMxODc3MjI5MDMx&session=ODc3MjI5MDMxODc3MjI5MDMx,4,0,20,0,0.0,42,21.0,35,38,0.0,19.0,0,0.0,57,28.5,33,48,4.0,24.0,0,0.0,,0,0,0,0,0.0,php,0,0,3,0,0.0,0.0
224,0.0,https://mysocialevents.com/gfhbjnknjhgv/home.php?public/enroll/IdentifyUser-aspx-LOB=RBGLogon=MTU0ODY4MjM5MA==MTU0ODY4MjM5MA==&session=MTU0ODY4MjM5MA==MTU0ODY4MjM5MA==,23,12,131,0,0.0916030534351145,0,1,-1,0,mysocialevents.com,1,0,17,0,0.0,/gfhbjnknjhgv/home.php,3,0,19,0,0.0,public/enroll/IdentifyUser-aspx-LOB=RBGLogon=MTU0ODY4MjM5MA==MTU0ODY4MjM5MA==&session=MTU0ODY4MjM5MA==MTU0ODY4MjM5MA==,3,0,19,0,0.0,42,21.0,35,38,0.0,19.0,0,0.0,73,36.5,41,52,6.0,26.0,0,0.0,,0,0,0,0,0.0,php,0,0,3,0,0.0,0.0
225,0.0,https://pearlfever.ca/link/morgan/home.php?public/enroll/IdentifyUser-aspx-LOB=RBGLogon=MTM5NTczNjM1MA==MTM5NTczNjM1MA==&session=MTM5NTczNjM1MA==MTM5NTczNjM1MA==,24,8,128,0,0.0625,0,1,-1,0,pearlfever.ca,1,0,12,0,0.0,/link/morgan/home.php,4,0,17,0,0.0,public/enroll/IdentifyUser-aspx-LOB=RBGLogon=MTM5NTczNjM1MA==MTM5NTczNjM1MA==&session=MTM5NTczNjM1MA==MTM5NTczNjM1MA==,4,0,17,0,0.0,42,21.0,35,38,0.0,19.0,0,0.0,73,36.5,41,56,4.0,28.0,0,0.0,,0,0,0,0,0.0,php,0,0,3,0,0.0,0.0
226,0.0,https://webpostmedia.com/Autokeep/Confirm/websc_signin/,9,0,46,0,0.0,0,1,-1,0,webpostmedia.com,1,0,15,0,0.0,/Autokeep/Confirm/websc_signin/,5,0,26,0,0.0,,5,0,26,0,0.0,0,0.0,0,0,0.0,0.0,0,0.0,0,0.0,0,0,0.0,0.0,0,0.0,,0,0,0,0,0.0,,0,0,0,0,0.0,0.0
227,0.0,http://www.sofercusucces.ro/wp-includes/js/outi/our.html,11,0,45,0,0.0,0,0,-1,0,www.sofercusucces.ro,2,0,18,0,0.0,/wp-includes/js/outi/our.html,6,0,23,0,0.0,,6,0,23,0,0.0,0,0.0,0,0,0.0,0.0,0,0.0,0,0.0,0,0,0.0,0.0,0,0.0,,0,0,0,0,0.0,html,0,0,4,0,0.0,0.0
228,0.0,https://carloschagas.mg.gov.br/img/login/,9,0,32,0,0.0,0,1,-1,0,carloschagas.mg.gov.br,3,0,19,0,0.0,/img/login/,3,0,8,0,0.0,,3,0,8,0,0.0,0,0.0,0,0,0.0,0.0,0,0.0,0,0.0,0,0,0.0,0.0,0,0.0,,0,0,0,0,0.0,,0,0,0,0,0.0,0.0
229,0.0,http://adultweb.demoparlour.com/wp-content/loggineaccount/secure/resolve-account/30f661de1d72a3c848d9/cc352b42004772d3a6752e65c99e8a9b/9e00798d5f5c563036c12b69e9659111/,15,60,93,0,0.6451612903225806,0,0,-1,0,adultweb.demoparlour.com,2,0,22,0,0.0,/wp-content/loggineaccount/secure/resolve-account/30f661de1d72a3c848d9/cc352b42004772d3a6752e65c99e8a9b/9e00798d5f5c563036c12b69e9659111/,10,60,67,0,0.8955223880597015,,10,60,67,0,0.8955223880597015,0,0.0,0,0,0.0,0.0,0,0.0,0,0.0,0,0,0.0,0.0,0,0.0,,0,0,0,0,0.0,,0,0,0,0,0.0,0.0
230,0.0,http://adultweb.demoparlour.com/wp-content/loggineaccount/secure/resolve-account/30f661de1d72a3c848d9/cc352b42004772d3a6752e65c99e8a9b,13,35,86,0,0.4069767441860465,0,0,-1,0,adultweb.demoparlour.com,2,0,22,0,0.0,/wp-content/loggineaccount/secure/resolve-account/30f661de1d72a3c848d9/cc352b42004772d3a6752e65c99e8a9b,8,35,60,0,0.5833333333333334,,8,35,60,0,0.5833333333333334,0,0.0,0,0,0.0,0.0,0,0.0,0,0.0,0,0,0.0,0.0,0,0.0,,0,0,0,0,0.0,,0,0,0,0,0.0,0.0
231,0.0,https://mareshopping.com.br/wp-admin/user/admin/login.php,11,0,46,0,0.0,0,1,-1,0,mareshopping.com.br,2,0,17,0,0.0,/wp-admin/user/admin/login.php,6,0,24,0,0.0,,6,0,24,0,0.0,0,0.0,0,0,0.0,0.0,0,0.0,0,0.0,0,0,0.0,0.0,0,0.0,,0,0,0,0,0.0,php,0,0,3,0,0.0,0.0
232,0.0,https://multi-trexintegfoodsplcng.com/wp-admin/roor/Adobe/adobe/adobe.htm,12,0,61,0,0.0,0,1,-1,0,multi-trexintegfoodsplcng.com,2,0,27,0,0.0,/wp-admin/roor/Adobe/adobe/adobe.htm,7,0,29,0,0.0,,7,0,29,0,0.0,0,0.0,0,0,0.0,0.0,0,0.0,0,0.0,0,0,0.0,0.0,0,0.0,,0,0,0,0,0.0,htm,0,0,3,0,0.0,0.0
233,0.0,https://southernpackersmovers.com/att/AT&T/,7,0,35,0,0.0,0,1,-1,0,southernpackersmovers.com,1,0,24,0,0.0,/att/AT&T/,3,0,6,0,0.0,,3,0,6,0,0.0,0,0.0,0,0,0.0,0.0,0,0.0,0,0.0,0,0,0.0,0.0,0,0.0,,0,0,0,0,0.0,,0,0,0,0,0.0,0.0
234,0.0,http://socalgc.com/zippp/server.html,7,0,29,0,0.0,0,0,-1,0,socalgc.com,1,0,10,0,0.0,/zippp/server.html,3,0,15,0,0.0,,3,0,15,0,0.0,0,0.0,0,0,0.0,0.0,0,0.0,0,0.0,0,0,0.0,0.0,0,0.0,,0,0,0,0,0.0,html,0,0,4,0,0.0,0.0
235,0.0,http://www.mccarthyelectrical.com/ourtime123/ourtime.php,8,3,45,0,0.06666666666666667,0,0,-1,0,www.mccarthyelectrical.com,2,0,24,0,0.0,/ourtime123/ourtime.php,3,3,17,0,0.17647058823529413,,3,3,17,0,0.17647058823529413,0,0.0,0,0,0.0,0.0,0,0.0,0,0.0,0,0,0.0,0.0,0,0.0,,0,0,0,0,0.0,php,0,0,3,0,0.0,0.0
236,0.0,https://nzoaindia.org/wmail/public_html/webmail/webmail/index.php,11,0,54,0,0.0,0,1,-1,0,nzoaindia.org,1,0,12,0,0.0,/wmail/public_html/webmail/webmail/index.php,7,0,37,0,0.0,,7,0,37,0,0.0,0,0.0,0,0,0.0,0.0,0,0.0,0,0.0,0,0,0.0,0.0,0,0.0,,0,0,0,0,0.0,php,0,0,3,0,0.0,0.0
237,0.0,http://viecoi.vn/de/daaum,6,0,19,0,0.0,0,0,-1,0,viecoi.vn,1,0,8,0,0.0,/de/daaum,2,0,7,0,0.0,,2,0,7,0,0.0,0,0.0,0,0,0.0,0.0,0,0.0,0,0.0,0,0,0.0,0.0,0,0.0,,0,0,0,0,0.0,,0,0,0,0,0.0,0.0
238,0.0,http://www.davinci-studia.ru/templates/beez5/cgi/bante/?email=nobody@mycraftmail.com,14,1,68,0,0.014705882352941176,0,0,-1,0,www.davinci-studia.ru,3,0,18,0,0.0,/templates/beez5/cgi/bante/,5,1,21,0,0.047619047619047616,email=nobody@mycraftmail.com,5,1,21,0,0.047619047619047616,5,5.0,5,5,0.0,5.0,0,0.0,22,22.0,22,20,0.0,20.0,0,0.0,,0,0,0,0,0.0,,0,0,0,0,0.0,0.0
239,0.0,http://www.angelfire.com/crazy/ch3m1c4l.r0m4nc3-pic/,10,6,36,0,0.16666666666666666,0,0,-1,0,www.angelfire.com,2,0,15,0,0.0,/crazy/ch3m1c4l.r0m4nc3-pic/,5,6,17,0,0.35294117647058826,,5,6,17,0,0.35294117647058826,0,0.0,0,0,0.0,0.0,0,0.0,0,0.0,0,0,0.0,0.0,0,0.0,,0,0,0,0,0.0,,0,0,0,0,0.0,0.0
240,0.0,http://20.36.27.247/wp-content/bankofamerica.com.login.update/update.html,14,9,50,0,0.18,0,0,-1,0,20.36.27.247,3,9,0,0,0.0,/wp-content/bankofamerica.com.login.update/update.html,8,0,46,0,0.0,,8,0,46,0,0.0,0,0.0,0,0,0.0,0.0,0,0.0,0,0.0,0,0,0.0,0.0,0,0.0,,0,0,0,0,0.0,html,0,0,4,0,0.0,0.0
241,0.0,http://20.36.27.247/wp-content/bankofamerica.com.login.update,12,9,40,0,0.225,0,0,-1,0,20.36.27.247,3,9,0,0,0.0,/wp-content/bankofamerica.com.login.update,6,0,36,0,0.0,,6,0,36,0,0.0,0,0.0,0,0,0.0,0.0,0,0.0,0,0.0,0,0,0.0,0.0,0,0.0,,0,0,0,0,0.0,update,0,0,6,0,0.0,0.0
242,0.0,http://20.36.27.247/wp-content/bankofamerica.com.login.update/signInScreen.go.html,15,9,58,0,0.15517241379310345,0,0,-1,0,20.36.27.247,3,9,0,0,0.0,/wp-content/bankofamerica.com.login.update/signInScreen.go.html,9,0,54,0,0.0,,9,0,54,0,0.0,0,0.0,0,0,0.0,0.0,0,0.0,0,0.0,0,0,0.0,0.0,0,0.0,,0,0,0,0,0.0,html,0,0,4,0,0.0,0.0
243,0.0,http://lagelijundiai.com.br/pagamento/zn/index.php,9,0,41,0,0.0,0,0,-1,0,lagelijundiai.com.br,2,0,18,0,0.0,/pagamento/zn/index.php,4,0,19,0,0.0,,4,0,19,0,0.0,0,0.0,0,0,0.0,0.0,0,0.0,0,0.0,0,0,0.0,0.0,0,0.0,,0,0,0,0,0.0,php,0,0,3,0,0.0,0.0
244,0.0,https://tanias-accounting.co.za/includes/%EC%B5%9C%EC%8B%A0%20%EC%A0%95%EB%B3%B4/daaum_mail/login.php,12,11,65,0,0.16923076923076924,1,1,-1,0,tanias-accounting.co.za,3,0,20,0,0.0,/includes/%EC%B5%9C%EC%8B%A0%20%EC%A0%95%EB%B3%B4/daaum_mail/login.php,6,11,40,0,0.275,,6,11,40,0,0.275,0,0.0,0,0,0.0,0.0,0,0.0,0,0.0,0,0,0.0,0.0,0,0.0,,0,0,0,0,0.0,php,0,0,3,0,0.0,0.0
245,0.0,http://mh7dkvpu.myutilitydomain.com/auth/c550593453918f32b5435a7a50edd670/confirm.php,9,25,51,0,0.49019607843137253,0,0,-1,0,mh7dkvpu.myutilitydomain.com,2,1,25,0,0.04,/auth/c550593453918f32b5435a7a50edd670/confirm.php,4,24,22,0,1.0909090909090908,,4,24,22,0,1.0909090909090908,0,0.0,0,0,0.0,0.0,0,0.0,0,0.0,0,0,0.0,0.0,0,0.0,,0,0,0,0,0.0,php,0,0,3,0,0.0,0.0
246,0.0,http://mh7dkvpu.myutilitydomain.com/auth/c550593453918f32b5435a7a50edd670/,8,25,41,0,0.6097560975609756,0,0,-1,0,mh7dkvpu.myutilitydomain.com,2,1,25,0,0.04,/auth/c550593453918f32b5435a7a50edd670/,3,24,12,0,2.0,,3,24,12,0,2.0,0,0.0,0,0,0.0,0.0,0,0.0,0,0.0,0,0,0.0,0.0,0,0.0,,0,0,0,0,0.0,,0,0,0,0,0.0,0.0
247,0.0,https://kursy.monikaliga.pl/wp-content/plugins/zpbcuws/redirect/redirect.html,12,0,65,0,0.0,0,1,-1,0,kursy.monikaliga.pl,2,0,17,0,0.0,/wp-content/plugins/zpbcuws/redirect/redirect.html,7,0,43,0,0.0,,7,0,43,0,0.0,0,0.0,0,0,0.0,0.0,0,0.0,0,0.0,0,0,0.0,0.0,0,0.0,,0,0,0,0,0.0,html,0,0,4,0,0.0,0.0
248,0.0,https://americancabinet.ru/vcxz/8c753129f5e41e13a337655e884b0add/login.php,8,22,44,0,0.5,0,1,-1,0,americancabinet.ru,1,0,17,0,0.0,/vcxz/8c753129f5e41e13a337655e884b0add/login.php,4,22,22,0,1.0,,4,22,22,0,1.0,0,0.0,0,0,0.0,0.0,0,0.0,0,0.0,0,0,0.0,0.0,0,0.0,,0,0,0,0,0.0,php,0,0,3,0,0.0,0.0
249,0.0,https://americancabinet.ru/vcxz/8c753129f5e41e13a337655e884b0add/,7,22,36,0,0.6111111111111112,0,1,-1,0,americancabinet.ru,1,0,17,0,0.0,/vcxz/8c753129f5e41e13a337655e884b0add/,3,22,14,0,1.5714285714285714,,3,22,14,0,1.5714285714285714,0,0.0,0,0,0.0,0.0,0,0.0,0,0.0,0,0,0.0,0.0,0,0.0,,0,0,0,0,0.0,,0,0,0,0,0.0,0.0
250,0.0,http://taksi-econom.ru/plugins/user/admin/validate,9,0,41,0,0.0,0,0,-1,0,taksi-econom.ru,2,0,13,0,0.0,/plugins/user/admin/validate,4,0,24,0,0.0,,4,0,24,0,0.0,0,0.0,0,0,0.0,0.0,0,0.0,0,0.0,0,0,0.0,0.0,0,0.0,,0,0,0,0,0.0,,0,0,0,0,0.0,0.0
251,0.0,http://promocaojaneiro.com/produto/identificacao.php,7,0,45,0,0.0,0,0,-1,0,promocaojaneiro.com,1,0,18,0,0.0,/produto/identificacao.php,3,0,23,0,0.0,,3,0,23,0,0.0,0,0.0,0,0,0.0,0.0,0,0.0,0,0.0,0,0,0.0,0.0,0,0.0,,0,0,0,0,0.0,php,0,0,3,0,0.0,0.0
252,0.0,http://megaofertadejaneiro.com/produto/identificacao.php,7,0,49,0,0.0,0,0,-1,0,megaofertadejaneiro.com,1,0,22,0,0.0,/produto/identificacao.php,3,0,23,0,0.0,,3,0,23,0,0.0,0,0.0,0,0,0.0,0.0,0,0.0,0,0.0,0,0,0.0,0.0,0,0.0,,0,0,0,0,0.0,php,0,0,3,0,0.0,0.0
253,0.0,http://ofertasdejaneiro2020.com/produto/identificacao.php,7,4,46,0,0.08695652173913043,0,0,-1,0,ofertasdejaneiro2020.com,1,4,19,0,0.21052631578947367,/produto/identificacao.php,3,0,23,0,0.0,,3,0,23,0,0.0,0,0.0,0,0,0.0,0.0,0,0.0,0,0.0,0,0,0.0,0.0,0,0.0,,0,0,0,0,0.0,php,0,0,3,0,0.0,0.0
254,0.0,http://ofertas-magazineluiza.com/produto/identificacao.php,8,0,50,0,0.0,0,0,-1,0,ofertas-magazineluiza.com,2,0,23,0,0.0,/produto/identificacao.php,3,0,23,0,0.0,,3,0,23,0,0.0,0,0.0,0,0,0.0,0.0,0,0.0,0,0.0,0,0,0.0,0.0,0,0.0,,0,0,0,0,0.0,php,0,0,3,0,0.0,0.0
255,0.0,https://digitalkoff.com/YP/settin,6,0,27,0,0.0,0,1,-1,0,digitalkoff.com,1,0,14,0,0.0,/YP/settin,2,0,8,0,0.0,,2,0,8,0,0.0,0,0.0,0,0,0.0,0.0,0,0.0,0,0.0,0,0,0.0,0.0,0,0.0,,0,0,0,0,0.0,,0,0,0,0,0.0,0.0
256,0.0,https://airbnb.largaestancia3847120.net/direct/1/listing/3/view-wgk5p8xy/ehdprxktcw,12,11,60,0,0.18333333333333332,0,1,-1,0,airbnb.largaestancia3847120.net,2,7,22,0,0.3181818181818182,/direct/1/listing/3/view-wgk5p8xy/ehdprxktcw,7,4,33,0,0.12121212121212122,,7,4,33,0,0.12121212121212122,0,0.0,0,0,0.0,0.0,0,0.0,0,0.0,0,0,0.0,0.0,0,0.0,,0,0,0,0,0.0,,0,0,0,0,0.0,0.0
257,0.0,https://www2.amazon.co.jp.anazomsdjhjsa42sca32sdc.icu/,9,5,40,0,0.125,0,1,-1,0,www2.amazon.co.jp.anazomsdjhjsa42sca32sdc.icu,5,5,35,0,0.14285714285714285,/,1,0,0,0,0.0,,1,0,0,0,0.0,0,0.0,0,0,0.0,0.0,0,0.0,0,0.0,0,0,0.0,0.0,0,0.0,,0,0,0,0,0.0,,0,0,0,0,0.0,0.0
258,0.0,http://toanhoc247.edu.vn/backend/web/assets/99d5dbd2/canadiane-compte.php,12,7,54,0,0.12962962962962962,0,0,-1,0,toanhoc247.edu.vn,2,3,12,0,0.25,/backend/web/assets/99d5dbd2/canadiane-compte.php,7,4,38,0,0.10526315789473684,,7,4,38,0,0.10526315789473684,0,0.0,0,0,0.0,0.0,0,0.0,0,0.0,0,0,0.0,0.0,0,0.0,,0,0,0,0,0.0,php,0,0,3,0,0.0,0.0
259,0.0,http://autorizador5.com.br/landpage/img/icons/verifie/paypal.fr/a85150d80116b1b0d3e25d040f696d06/Confirm.php?cmd=_error_login-run&dispatch=5885d80a13c0db1fb6947b0aeae66fdbfb2119927117e3a6f876e0fd34af436580c63a156ebffe89e7779ac84ebf634880c63a156ebffe89e7779ac84ebf6348,20,101,145,0,0.696551724137931,0,0,-1,0,autorizador5.com.br,2,1,16,0,0.0625,/landpage/img/icons/verifie/paypal.fr/a85150d80116b1b0d3e25d040f696d06/Confirm.php,9,23,50,0,0.46,cmd=_error_login-run&dispatch=5885d80a13c0db1fb6947b0aeae66fdbfb2119927117e3a6f876e0fd34af436580c63a156ebffe89e7779ac84ebf634880c63a156ebffe89e7779ac84ebf6348,9,23,50,0,0.46,11,5.5,8,11,0.0,5.5,0,0.0,144,72.0,128,64,38.5,32.0,0,0.0,,0,0,0,0,0.0,php,0,0,3,0,0.0,0.0
260,0.0,http://corporacionplaneta.com/hot/MO.html,7,0,34,0,0.0,0,0,-1,0,corporacionplaneta.com,1,0,21,0,0.0,/hot/MO.html,3,0,9,0,0.0,,3,0,9,0,0.0,0,0.0,0,0,0.0,0.0,0,0.0,0,0.0,0,0,0.0,0.0,0,0.0,,0,0,0,0,0.0,html,0,0,4,0,0.0,0.0
261,0.0,http://instaqram.5v.pl/,6,1,16,0,0.0625,0,0,-1,0,instaqram.5v.pl,2,1,12,0,0.08333333333333333,/,1,0,0,0,0.0,,1,0,0,0,0.0,0,0.0,0,0,0.0,0.0,0,0.0,0,0.0,0,0,0.0,0.0,0,0.0,,0,0,0,0,0.0,,0,0,0,0,0.0,0.0
262,0.0,http://instagram.com.login.s5df46ss21s.oficinasylocalesfiore.com/,9,5,51,0,0.09803921568627451,0,0,-1,0,instagram.com.login.s5df46ss21s.oficinasylocalesfiore.com,5,5,47,0,0.10638297872340426,/,1,0,0,0,0.0,,1,0,0,0,0.0,0,0.0,0,0,0.0,0.0,0,0.0,0,0.0,0,0,0.0,0.0,0,0.0,,0,0,0,0,0.0,,0,0,0,0,0.0,0.0
263,0.0,https://emagcreator.com/johnmills/Documents_File_Recieved_0198522/,10,7,49,0,0.14285714285714285,0,1,-1,0,emagcreator.com,1,0,14,0,0.0,/johnmills/Documents_File_Recieved_0198522/,6,7,30,0,0.23333333333333334,,6,7,30,0,0.23333333333333334,0,0.0,0,0,0.0,0.0,0,0.0,0,0.0,0,0,0.0,0.0,0,0.0,,0,0,0,0,0.0,,0,0,0,0,0.0,0.0
264,0.0,http://sandah.tk/dss/%40%23%40%23/AT&T/index.php,9,8,26,0,0.3076923076923077,1,0,-1,0,sandah.tk,1,0,8,0,0.0,/dss/%40%23%40%23/AT&T/index.php,5,8,14,0,0.5714285714285714,,5,8,14,0,0.5714285714285714,0,0.0,0,0,0.0,0.0,0,0.0,0,0.0,0,0,0.0,0.0,0,0.0,,0,0,0,0,0.0,php,0,0,3,0,0.0,0.0
265,0.0,http://share-oreoo-59.com/bn/Indexxatt.htm,9,2,31,0,0.06451612903225806,0,0,-1,0,share-oreoo-59.com,3,2,13,0,0.15384615384615385,/bn/Indexxatt.htm,3,0,14,0,0.0,,3,0,14,0,0.0,0,0.0,0,0,0.0,0.0,0,0.0,0,0.0,0,0,0.0,0.0,0,0.0,,0,0,0,0,0.0,htm,0,0,3,0,0.0,0.0
266,0.0,https://apip3i.info/048595094875835/Pessoa-Fisica/acesso.php,9,16,35,0,0.45714285714285713,0,1,-1,0,apip3i.info,1,1,9,0,0.1111111111111111,/048595094875835/Pessoa-Fisica/acesso.php,5,15,21,0,0.7142857142857143,,5,15,21,0,0.7142857142857143,0,0.0,0,0,0.0,0.0,0,0.0,0,0.0,0,0,0.0,0.0,0,0.0,,0,0,0,0,0.0,php,0,0,3,0,0.0,0.0
267,0.0,https://stamptransfer.com.br/adm/img/casted/index.php,10,0,43,0,0.0,0,1,-1,0,stamptransfer.com.br,2,0,18,0,0.0,/adm/img/casted/index.php,5,0,20,0,0.0,,5,0,20,0,0.0,0,0.0,0,0,0.0,0.0,0,0.0,0,0.0,0,0,0.0,0.0,0,0.0,,0,0,0,0,0.0,php,0,0,3,0,0.0,0.0
268,0.0,http://www.myanalytics.com.my/wp-content/uploads/crayon-syntax-highlighter/langs/office365.com/,16,3,76,0,0.039473684210526314,0,0,-1,0,www.myanalytics.com.my,3,0,19,0,0.0,/wp-content/uploads/crayon-syntax-highlighter/langs/office365.com/,10,3,53,0,0.05660377358490566,,10,3,53,0,0.05660377358490566,0,0.0,0,0,0.0,0.0,0,0.0,0,0.0,0,0,0.0,0.0,0,0.0,,0,0,0,0,0.0,,0,0,0,0,0.0,0.0
269,0.0,https://amazingtaste.com/.well-known/trych/,9,0,34,0,0.0,0,1,-1,0,amazingtaste.com,1,0,15,0,0.0,/.well-known/trych/,5,0,14,0,0.0,,5,0,14,0,0.0,0,0.0,0,0,0.0,0.0,0,0.0,0,0.0,0,0,0.0,0.0,0,0.0,,0,0,0,0,0.0,,0,0,0,0,0.0,0.0
270,0.0,https://amazingtaste.com/.well-known/trych,8,0,34,0,0.0,0,1,-1,0,amazingtaste.com,1,0,15,0,0.0,/.well-known/trych,4,0,14,0,0.0,,4,0,14,0,0.0,0,0.0,0,0,0.0,0.0,0,0.0,0,0.0,0,0,0.0,0.0,0,0.0,,0,0,0,0,0.0,,0,0,0,0,0.0,0.0
271,0.0,https://ashtag.china-airs-dryer.com/ok/upload/?email=,12,0,41,0,0.0,0,1,-1,0,ashtag.china-airs-dryer.com,4,0,23,0,0.0,/ok/upload/,3,0,8,0,0.0,email=,3,0,8,0,0.0,0,0.0,0,0,0.0,0.0,0,0.0,0,0.0,0,0,0.0,0.0,0,0.0,,0,0,0,0,0.0,,0,0,0,0,0.0,0.0
272,0.0,https://pexh.ml/@%23$%25%5E%5E%25$/,6,8,13,0,0.6153846153846154,1,1,-1,0,pexh.ml,1,0,6,0,0.0,/@%23$%25%5E%5E%25$/,2,8,2,0,4.0,,2,8,2,0,4.0,0,0.0,0,0,0.0,0.0,0,0.0,0,0.0,0,0,0.0,0.0,0,0.0,,0,0,0,0,0.0,,0,0,0,0,0.0,0.0
273,0.0,https://languageadda.com/direct/login.php,7,0,34,0,0.0,0,1,-1,0,languageadda.com,1,0,15,0,0.0,/direct/login.php,3,0,14,0,0.0,,3,0,14,0,0.0,0,0.0,0,0,0.0,0.0,0,0.0,0,0.0,0,0,0.0,0.0,0,0.0,,0,0,0,0,0.0,php,0,0,3,0,0.0,0.0
274,0.0,http://apzi.icu-netq.net.ng/wetrs/lnfer,9,0,30,0,0.0,0,0,-1,0,apzi.icu-netq.net.ng,4,0,16,0,0.0,/wetrs/lnfer,2,0,10,0,0.0,,2,0,10,0,0.0,0,0.0,0,0,0.0,0.0,0,0.0,0,0.0,0,0,0.0,0.0,0,0.0,,0,0,0,0,0.0,,0,0,0,0,0.0,0.0
275,0.0,http://www.sewisspost.com/ch/International%20parcels/post/92eb2c26656e4b59768c919b5e424597/sign-in.php,12,26,63,0,0.4126984126984127,1,0,-1,0,www.sewisspost.com,2,0,16,0,0.0,/ch/International%20parcels/post/92eb2c26656e4b59768c919b5e424597/sign-in.php,7,26,43,0,0.6046511627906976,,7,26,43,0,0.6046511627906976,0,0.0,0,0,0.0,0.0,0,0.0,0,0.0,0,0,0.0,0.0,0,0.0,,0,0,0,0,0.0,php,0,0,3,0,0.0,0.0
276,0.0,http://omrwt.zentantracreativity.com/bankofamerica/bankofamerica/,8,0,57,0,0.0,0,0,-1,0,omrwt.zentantracreativity.com,2,0,27,0,0.0,/bankofamerica/bankofamerica/,3,0,26,0,0.0,,3,0,26,0,0.0,0,0.0,0,0,0.0,0.0,0,0.0,0,0.0,0,0,0.0,0.0,0,0.0,,0,0,0,0,0.0,,0,0,0,0,0.0,0.0
277,0.0,https://omrwt.zentantracreativity.com:443/bankofamerica/bankofamerica/login.php?cmd=login_submit&id=b4f6ddeb402c7e270fc51bc008a8da66b4f6ddeb402c7e270fc51bc008a8da66&session=b4f6ddeb402c7e270fc51bc008a8da66b4f6ddeb402c7e270fc51bc008a8da66,15,71,149,0,0.47651006711409394,0,1,443,1,omrwt.zentantracreativity.com:443,3,3,27,0,0.1111111111111111,/bankofamerica/bankofamerica/login.php,4,0,34,0,0.0,cmd=login_submit&id=b4f6ddeb402c7e270fc51bc008a8da66b4f6ddeb402c7e270fc51bc008a8da66&session=b4f6ddeb402c7e270fc51bc008a8da66b4f6ddeb402c7e270fc51bc008a8da66,4,0,34,0,0.0,12,4.0,7,12,0.0,4.0,0,0.0,140,46.666666666666664,64,71,22.666666666666668,23.666666666666668,0,0.0,,0,0,0,0,0.0,php,0,0,3,0,0.0,0.0
278,0.0,http://www.montesurales514.com/wp-includes/SimplePie/Content/tpe/customer_center/customer-IDPP00C443/login.php,16,8,86,0,0.09302325581395349,0,0,-1,0,www.montesurales514.com,2,3,18,0,0.16666666666666666,/wp-includes/SimplePie/Content/tpe/customer_center/customer-IDPP00C443/login.php,11,5,64,0,0.078125,,11,5,64,0,0.078125,0,0.0,0,0,0.0,0.0,0,0.0,0,0.0,0,0,0.0,0.0,0,0.0,,0,0,0,0,0.0,php,0,0,3,0,0.0,0.0
279,0.0,http://en-solema.web.app/,7,0,18,0,0.0,0,0,-1,0,en-solema.web.app,3,0,14,0,0.0,/,1,0,0,0,0.0,,1,0,0,0,0.0,0,0.0,0,0,0.0,0.0,0,0.0,0,0.0,0,0,0.0,0.0,0,0.0,,0,0,0,0,0.0,,0,0,0,0,0.0,0.0
280,0.0,http://fares-one-31ad8.web.app/,8,3,20,0,0.15,0,0,-1,0,fares-one-31ad8.web.app,4,3,16,0,0.1875,/,1,0,0,0,0.0,,1,0,0,0,0.0,0,0.0,0,0,0.0,0.0,0,0.0,0,0.0,0,0,0.0,0.0,0,0.0,,0,0,0,0,0.0,,0,0,0,0,0.0,0.0
281,0.0,https://baratravelling.com/IRS/identity.php,7,0,36,0,0.0,0,1,-1,0,baratravelling.com,1,0,17,0,0.0,/IRS/identity.php,3,0,14,0,0.0,,3,0,14,0,0.0,0,0.0,0,0,0.0,0.0,0,0.0,0,0.0,0,0,0.0,0.0,0,0.0,,0,0,0,0,0.0,php,0,0,3,0,0.0,0.0
282,0.0,http://khokharchor.com/office365/o/,7,3,25,0,0.12,0,0,-1,0,khokharchor.com,1,0,14,0,0.0,/office365/o/,3,3,7,0,0.42857142857142855,,3,3,7,0,0.42857142857142855,0,0.0,0,0,0.0,0.0,0,0.0,0,0.0,0,0,0.0,0.0,0,0.0,,0,0,0,0,0.0,,0,0,0,0,0.0,0.0
283,0.0,http://maazarhatu.com/office365/businessfiless/,7,3,37,0,0.08108108108108109,0,0,-1,0,maazarhatu.com,1,0,13,0,0.0,/office365/businessfiless/,3,3,20,0,0.15,,3,3,20,0,0.15,0,0.0,0,0,0.0,0.0,0,0.0,0,0.0,0,0,0.0,0.0,0,0.0,,0,0,0,0,0.0,,0,0,0,0,0.0,0.0
284,0.0,http://jaobhrkahin.com/cgi/sharedoff/shareofficepage/verification.php,9,0,60,0,0.0,0,0,-1,0,jaobhrkahin.com,1,0,14,0,0.0,/cgi/sharedoff/shareofficepage/verification.php,5,0,42,0,0.0,,5,0,42,0,0.0,0,0.0,0,0,0.0,0.0,0,0.0,0,0.0,0,0,0.0,0.0,0,0.0,,0,0,0,0,0.0,php,0,0,3,0,0.0,0.0
285,0.0,http://jaobhrkahin.com/cgi/sharedoff/shareofficepage/verificationAttempt.php?sf58gfd1s689sxd2sdf8angf264s9df23sd2f1n495K3L2C151645172991f1477dbd26917ef3822423f62e984a91f1477dbd26917ef3822423f62e984a91f1477dbd,10,83,115,0,0.7217391304347827,0,0,-1,0,jaobhrkahin.com,1,0,14,0,0.0,/cgi/sharedoff/shareofficepage/verificationAttempt.php,5,0,49,0,0.0,sf58gfd1s689sxd2sdf8angf264s9df23sd2f1n495K3L2C151645172991f1477dbd26917ef3822423f62e984a91f1477dbd26917ef3822423f62e984a91f1477dbd,5,0,49,0,0.0,0,0.0,0,0,0.0,0.0,0,0.0,0,0.0,0,0,0.0,0.0,0,0.0,,0,0,0,0,0.0,php,0,0,3,0,0.0,0.0
286,0.0,http://jaobhrkahin.com/Fi/sharedoff/shareofficepage/verification.php,9,0,59,0,0.0,0,0,-1,0,jaobhrkahin.com,1,0,14,0,0.0,/Fi/sharedoff/shareofficepage/verification.php,5,0,41,0,0.0,,5,0,41,0,0.0,0,0.0,0,0,0.0,0.0,0,0.0,0,0.0,0,0,0.0,0.0,0,0.0,,0,0,0,0,0.0,php,0,0,3,0,0.0,0.0
287,0.0,http://jaobhrkahin.com/Fi/sharedoff/shareofficepage/verificationAttempt.php?sf58gfd1s689sxd2sdf8angf264s9df23sd2f1n495K3L2C151645172991f1477dbd26917ef3822423f62e984a91f1477dbd26917ef3822423f62e984a91f1477dbd,10,83,114,0,0.7280701754385965,0,0,-1,0,jaobhrkahin.com,1,0,14,0,0.0,/Fi/sharedoff/shareofficepage/verificationAttempt.php,5,0,48,0,0.0,sf58gfd1s689sxd2sdf8angf264s9df23sd2f1n495K3L2C151645172991f1477dbd26917ef3822423f62e984a91f1477dbd26917ef3822423f62e984a91f1477dbd,5,0,48,0,0.0,0,0.0,0,0,0.0,0.0,0,0.0,0,0.0,0,0,0.0,0.0,0,0.0,,0,0,0,0,0.0,php,0,0,3,0,0.0,0.0
288,0.0,http://jaobhrkahin.com/edu/sharedoff/shareofficepage/verification.php,9,0,60,0,0.0,0,0,-1,0,jaobhrkahin.com,1,0,14,0,0.0,/edu/sharedoff/shareofficepage/verification.php,5,0,42,0,0.0,,5,0,42,0,0.0,0,0.0,0,0,0.0,0.0,0,0.0,0,0.0,0,0,0.0,0.0,0,0.0,,0,0,0,0,0.0,php,0,0,3,0,0.0,0.0
289,0.0,http://jaobhrkahin.com/edu/sharedoff/shareofficepage/verificationAttempt.php?sf58gfd1s689sxd2sdf8angf264s9df23sd2f1n495K3L2C151645172991f1477dbd26917ef3822423f62e984a91f1477dbd26917ef3822423f62e984a91f1477dbd,10,83,115,0,0.7217391304347827,0,0,-1,0,jaobhrkahin.com,1,0,14,0,0.0,/edu/sharedoff/shareofficepage/verificationAttempt.php,5,0,49,0,0.0,sf58gfd1s689sxd2sdf8angf264s9df23sd2f1n495K3L2C151645172991f1477dbd26917ef3822423f62e984a91f1477dbd26917ef3822423f62e984a91f1477dbd,5,0,49,0,0.0,0,0.0,0,0,0.0,0.0,0,0.0,0,0.0,0,0,0.0,0.0,0,0.0,,0,0,0,0,0.0,php,0,0,3,0,0.0,0.0
290,0.0,http://bit.do/itausac,5,0,16,0,0.0,0,0,-1,0,bit.do,1,0,5,0,0.0,/itausac,1,0,7,0,0.0,,1,0,7,0,0.0,0,0.0,0,0,0.0,0.0,0,0.0,0,0.0,0,0,0.0,0.0,0,0.0,,0,0,0,0,0.0,,0,0,0,0,0.0,0.0
291,0.0,http://www.home-ingbe.be.webreader.pw/menus/,10,0,34,0,0.0,0,0,-1,0,www.home-ingbe.be.webreader.pw,5,0,25,0,0.0,/menus/,2,0,5,0,0.0,,2,0,5,0,0.0,0,0.0,0,0,0.0,0.0,0,0.0,0,0.0,0,0,0.0,0.0,0,0.0,,0,0,0,0,0.0,,0,0,0,0,0.0,0.0
292,0.0,http://hamzatest.com/i/outlook20/login.php,8,2,32,0,0.0625,0,0,-1,0,hamzatest.com,1,0,12,0,0.0,/i/outlook20/login.php,4,2,16,0,0.125,,4,2,16,0,0.125,0,0.0,0,0,0.0,0.0,0,0.0,0,0.0,0,0,0.0,0.0,0,0.0,,0,0,0,0,0.0,php,0,0,3,0,0.0,0.0
293,0.0,http://www.quacke.de/vm/,7,0,17,0,0.0,0,0,-1,0,www.quacke.de,2,0,11,0,0.0,/vm/,2,0,2,0,0.0,,2,0,2,0,0.0,0,0.0,0,0,0.0,0.0,0,0.0,0,0.0,0,0,0.0,0.0,0,0.0,,0,0,0,0,0.0,,0,0,0,0,0.0,0.0
294,0.0,http://fbverificar.webcindario.com/,6,0,29,0,0.0,0,0,-1,0,fbverificar.webcindario.com,2,0,25,0,0.0,/,1,0,0,0,0.0,,1,0,0,0,0.0,0,0.0,0,0,0.0,0.0,0,0.0,0,0.0,0,0,0.0,0.0,0,0.0,,0,0,0,0,0.0,,0,0,0,0,0.0,0.0
295,0.0,http://www.woopsieclothing.com/wp-content/themes/ca/bd1891b/,11,4,45,0,0.08888888888888889,0,0,-1,0,www.woopsieclothing.com,2,0,21,0,0.0,/wp-content/themes/ca/bd1891b/,6,4,20,0,0.2,,6,4,20,0,0.2,0,0.0,0,0,0.0,0.0,0,0.0,0,0.0,0,0,0.0,0.0,0,0.0,,0,0,0,0,0.0,,0,0,0,0,0.0,0.0
296,0.0,http://www.woopsieclothing.com/wp-content/themes/ca/bd1891b/sms.php,12,4,51,0,0.0784313725490196,0,0,-1,0,www.woopsieclothing.com,2,0,21,0,0.0,/wp-content/themes/ca/bd1891b/sms.php,7,4,26,0,0.15384615384615385,,7,4,26,0,0.15384615384615385,0,0.0,0,0,0.0,0.0,0,0.0,0,0.0,0,0,0.0,0.0,0,0.0,,0,0,0,0,0.0,php,0,0,3,0,0.0,0.0
297,0.0,http://www.woopsieclothing.com/wp-content/themes/ca/bd1891b/email.php,12,4,53,0,0.07547169811320754,0,0,-1,0,www.woopsieclothing.com,2,0,21,0,0.0,/wp-content/themes/ca/bd1891b/email.php,7,4,28,0,0.14285714285714285,,7,4,28,0,0.14285714285714285,0,0.0,0,0,0.0,0.0,0,0.0,0,0.0,0,0,0.0,0.0,0,0.0,,0,0,0,0,0.0,php,0,0,3,0,0.0,0.0
298,0.0,http://www.woopsieclothing.com/wp-content/themes/ca/bd1891b/pass.php,12,4,52,0,0.07692307692307693,0,0,-1,0,www.woopsieclothing.com,2,0,21,0,0.0,/wp-content/themes/ca/bd1891b/pass.php,7,4,27,0,0.14814814814814814,,7,4,27,0,0.14814814814814814,0,0.0,0,0,0.0,0.0,0,0.0,0,0.0,0,0,0.0,0.0,0,0.0,,0,0,0,0,0.0,php,0,0,3,0,0.0,0.0
